<?xml version="1.0" encoding="UTF-8" standalone="no"?>
<LoganContent xmlns="http://www.oracle.com/DataCenter/LogAnalyticsStd" content_version="3.103.1.0.0" name="content_ocid1.tenancy.oc1..aaaaaaaa5s2vdjjrydixjulorcwozffbpna37w5a35p3jhgpyshlkmio6oiq_1742477490598" oms_version="3.103.1.0.0">
   <Field oms_version="3.103.1.0.0">
      <DisplayName>email</DisplayName>
      <FieldType>1</FieldType>
      <IsSystem>0</IsSystem>
      <IsPrimary>1</IsPrimary>
      <DataType>STRING</DataType>
      <IsMetricKeyEligible>0</IsMetricKeyEligible>
      <IsMetricValueEligible>0</IsMetricValueEligible>
      <FacetEligible>1</FacetEligible>
      <RangeFacetEligible>0</RangeFacetEligible>
      <TableEligible>1</TableEligible>
      <FacetPriority>1</FacetPriority>
      <Summarizable>1</Summarizable>
      <HighCardinality>1</HighCardinality>
      <LargeData>0</LargeData>
      <MultiValued>0</MultiValued>
      <SMAEnabledSetting>0</SMAEnabledSetting>
   </Field>
   <Field oms_version="3.103.1.0.0">
      <DisplayName>Currency</DisplayName>
      <FieldType>1</FieldType>
      <IsSystem>0</IsSystem>
      <IsPrimary>1</IsPrimary>
      <DataType>STRING</DataType>
      <IsMetricKeyEligible>0</IsMetricKeyEligible>
      <IsMetricValueEligible>0</IsMetricValueEligible>
      <FacetEligible>1</FacetEligible>
      <RangeFacetEligible>0</RangeFacetEligible>
      <TableEligible>1</TableEligible>
      <FacetPriority>1</FacetPriority>
      <Summarizable>1</Summarizable>
      <HighCardinality>1</HighCardinality>
      <LargeData>0</LargeData>
      <MultiValued>0</MultiValued>
      <SMAEnabledSetting>0</SMAEnabledSetting>
   </Field>
   <Field oms_version="3.103.1.0.0">
      <DisplayName>Quantity</DisplayName>
      <FieldType>1</FieldType>
      <IsSystem>0</IsSystem>
      <IsPrimary>1</IsPrimary>
      <DataType>INTEGER</DataType>
      <IsMetricKeyEligible>0</IsMetricKeyEligible>
      <IsMetricValueEligible>0</IsMetricValueEligible>
      <FacetEligible>1</FacetEligible>
      <RangeFacetEligible>0</RangeFacetEligible>
      <TableEligible>1</TableEligible>
      <FacetPriority>1</FacetPriority>
      <Summarizable>1</Summarizable>
      <HighCardinality>1</HighCardinality>
      <LargeData>0</LargeData>
      <MultiValued>0</MultiValued>
      <SMAEnabledSetting>0</SMAEnabledSetting>
   </Field>
   <Field oms_version="3.103.1.0.0">
      <DisplayName>ProductId</DisplayName>
      <FieldType>1</FieldType>
      <IsSystem>0</IsSystem>
      <IsPrimary>1</IsPrimary>
      <DataType>STRING</DataType>
      <IsMetricKeyEligible>0</IsMetricKeyEligible>
      <IsMetricValueEligible>0</IsMetricValueEligible>
      <FacetEligible>1</FacetEligible>
      <RangeFacetEligible>0</RangeFacetEligible>
      <TableEligible>1</TableEligible>
      <FacetPriority>1</FacetPriority>
      <Summarizable>1</Summarizable>
      <HighCardinality>1</HighCardinality>
      <LargeData>0</LargeData>
      <MultiValued>0</MultiValued>
      <SMAEnabledSetting>0</SMAEnabledSetting>
   </Field>
   <Source configWarningSettings="0" name="ociK8sContGenLogsSource" oms_version="3.103.1.0.0">
      <SourceType>os_file</SourceType>
      <DisplayName>Kubernetes Container Generic Logs</DisplayName>
      <Description>This source handles all Kubernetes container logs without a specific handling. This is a catch all source for container logs till a specific handling is added.</Description>
      <IsSystem>1</IsSystem>
      <IsSecureContent>0</IsSecureContent>
      <ExtFieldDefinitions>
         <Condition field="container" operator="EQUAL">
            <ConditionValues>
               <ConditionValue>cartservice</ConditionValue>
            </ConditionValues>
         </Condition>
         <ExtFieldDefinition>
            <BaseFieldName>mbody</BaseFieldName>
            <BaseFieldLogText>AddItemAsync called with userId=3199fcca-03cd-11f0-b711-fe42863c3b39, productId=OLJCESPC7Z, quantity=10
</BaseFieldLogText>
            <RegexExpression>AddItemAsync called with userId=\S+, productId=\S+, quantity={udfi11:\d+}$</RegexExpression>
            <ExtFieldName>udfi11</ExtFieldName>
            <IsSystem>0</IsSystem>
            <IsEnabled>1</IsEnabled>
         </ExtFieldDefinition>
         <ExtFieldDefinition>
            <BaseFieldName>mbody</BaseFieldName>
            <BaseFieldLogText>AddItemAsync called with userId=3199fcca-03cd-11f0-b711-fe42863c3b39, productId=OLJCESPC7Z, quantity=10
</BaseFieldLogText>
            <RegexExpression>AddItemAsync called with userId=\S+, productId={udfs90:\S+},</RegexExpression>
            <ExtFieldName>udfs90</ExtFieldName>
            <IsSystem>0</IsSystem>
            <IsEnabled>1</IsEnabled>
         </ExtFieldDefinition>
      </ExtFieldDefinitions>
      <ExtFieldDefinitions>
         <Condition field="container" operator="EQUAL">
            <ConditionValues>
               <ConditionValue>emailservice</ConditionValue>
            </ConditionValues>
         </Condition>
         <ExtFieldDefinition>
            <BaseFieldName>mbody</BaseFieldName>
            <BaseFieldLogText>Order confirmation email sent to: synthetic@example.com</BaseFieldLogText>
            <RegexExpression>Order confirmation email sent to: {udfs64:.*}$</RegexExpression>
            <ExtFieldName>udfs64</ExtFieldName>
            <IsSystem>0</IsSystem>
            <IsEnabled>1</IsEnabled>
         </ExtFieldDefinition>
      </ExtFieldDefinitions>
      <ExtFieldDefinitions>
         <Condition field="container" operator="EQUAL">
            <ConditionValues>
               <ConditionValue>accountingservice</ConditionValue>
            </ConditionValues>
         </Condition>
         <ExtFieldDefinition>
            <BaseFieldName>mbody</BaseFieldName>
            <BaseFieldLogText>Order details: { "orderId": "2ff6b125-00cc-11f0-8caf-9af62524aa65", "shippingTrackingId": "103d1629-7db9-4267-aba6-69c566b3668f", "shippingCost": { "currencyCode": "GBP", "units": "45", "nanos": 779690402 }, "shippingAddress": { "streetAddress": "1600 Amphitheatre Parkway", "city": "Mountain View", "state": "CA", "country": "United States", "zipCode": "94043" }, "items": [ { "item": { "productId": "L9ECAV7KIM", "quantity": 1 }, "cost": { "currencyCode": "GBP", "units": "16", "nanos": 692096417 } } ] }.
</BaseFieldLogText>
            <RegexExpression>"currencyCode":\s*"{udfs89:[^"]+}"</RegexExpression>
            <ExtFieldName>udfs89</ExtFieldName>
            <IsSystem>0</IsSystem>
            <IsEnabled>1</IsEnabled>
         </ExtFieldDefinition>
         <ExtFieldDefinition>
            <BaseFieldName>mbody</BaseFieldName>
            <BaseFieldLogText>Order details: { "orderId": "2ff6b125-00cc-11f0-8caf-9af62524aa65", "shippingTrackingId": "103d1629-7db9-4267-aba6-69c566b3668f", "shippingCost": { "currencyCode": "GBP", "units": "45", "nanos": 779690402 }, "shippingAddress": { "streetAddress": "1600 Amphitheatre Parkway", "city": "Mountain View", "state": "CA", "country": "United States", "zipCode": "94043" }, "items": [ { "item": { "productId": "L9ECAV7KIM", "quantity": 1 }, "cost": { "currencyCode": "GBP", "units": "16", "nanos": 692096417 } } ] }.</BaseFieldLogText>
            <RegexExpression>"cost":.*"units":\s*"{cost:\d+}"</RegexExpression>
            <ExtFieldName>cost</ExtFieldName>
            <IsSystem>0</IsSystem>
            <IsEnabled>1</IsEnabled>
         </ExtFieldDefinition>
         <ExtFieldDefinition>
            <BaseFieldName>mbody</BaseFieldName>
            <BaseFieldLogText>"currencyCode": "GBP"</BaseFieldLogText>
            <RegexExpression>"currencyCode": {udfs89:.*}$</RegexExpression>
            <ExtFieldName>udfs89</ExtFieldName>
            <IsSystem>0</IsSystem>
            <IsEnabled>0</IsEnabled>
         </ExtFieldDefinition>
      </ExtFieldDefinitions>
      <IsHidden>0</IsHidden>
      <IsSMAEnabled>0</IsSMAEnabled>
   </Source>
   <FieldNameMaps>
      <FieldNameMap>
         <Name>udfs64</Name>
         <DisplayName>email</DisplayName>
      </FieldNameMap>
      <FieldNameMap>
         <Name>udfs89</Name>
         <DisplayName>Currency</DisplayName>
      </FieldNameMap>
      <FieldNameMap>
         <Name>udfi11</Name>
         <DisplayName>Quantity</DisplayName>
      </FieldNameMap>
      <FieldNameMap>
         <Name>udfs90</Name>
         <DisplayName>ProductId</DisplayName>
      </FieldNameMap>
   </FieldNameMaps>
</LoganContent>
