<?xml version="1.0" encoding="UTF-8" standalone="no"?>
<LoganContent xmlns="http://www.oracle.com/DataCenter/LogAnalyticsStd" content_version="2.96.2.0.0" name="content_ocid1.tenancy.oc1..aaaaaaaa53uu2d7z77v44jhvjsinojzsxjroeutt3ty5wqhp46izfg4o7pda_1729774064584" oms_version="2.96.2.0.0">
   <Parser oms_version="2.96.2.0.0" tokenize_orig_text="1" type="6">
      <Name>ZFS_io_metric_parser</Name>
      <DisplayName>ZFS_io_metric_parser</DisplayName>
      <IsSingleLineContent>0</IsSingleLineContent>
      <HeaderContent>$.data:2</HeaderContent>
      <ExampleContent>{"data":[{"samples": 580537939, "sample": 580537938, "startTime": "20240709T14:31:46", "data": {"value": 145}},
{"samples": 580537940, "sample": 580537939, "startTime": "20240709T14:31:47", "data": {"value": 0}},
{"samples": 580537941, "sample": 580537940, "startTime": "20240709T14:31:48", "data": {"value": 10}},
{"samples": 580537942, "sample": 580537941, "startTime": "20240709T14:31:49", "data": {"value": 9}},
{"samples": 580537943, "sample": 580537942, "startTime": "20240709T14:31:50", "data": {"value": 0}},
{"samples": 580537944, "sample": 580537943, "startTime": "20240709T14:31:51", "data": {"value": 87}},
{"samples": 580537945, "sample": 580537944, "startTime": "20240709T14:31:52", "data": {"value": 0}},
{"samples": 580537946, "sample": 580537945, "startTime": "20240709T14:31:53", "data": {"value": 8}},
{"samples": 580537947, "sample": 580537946, "startTime": "20240709T14:31:54", "data": {"value": 8}},
{"samples": 580537948, "sample": 580537947, "startTime": "20240709T14:31:55", "data": {"value": 0}},
{"samples": 580537949, "sample": 580537948, "startTime": "20240709T14:31:56", "data": {"value": 90}},
{"samples": 580537950, "sample": 580537949, "startTime": "20240709T14:31:57", "data": {"value": 8}},
{"samples": 580537951, "sample": 580537950, "startTime": "20240709T14:31:58", "data": {"value": 8}},
{"samples": 580537952, "sample": 580537951, "startTime": "20240709T14:31:59", "data": {"value": 0}},
{"samples": 580537953, "sample": 580537952, "startTime": "20240709T14:32:00", "data": {"value": 0}},
{"samples": 580537954, "sample": 580537953, "startTime": "20240709T14:32:01", "data": {"value": 96}},
{"samples": 580537955, "sample": 580537954, "startTime": "20240709T14:32:02", "data": {"value": 10}},
{"samples": 580537956, "sample": 580537955, "startTime": "20240709T14:32:03", "data": {"value": 8}},
{"samples": 580537957, "sample": 580537956, "startTime": "20240709T14:32:04", "data": {"value": 0}},
{"samples": 580537958, "sample": 580537957, "startTime": "20240709T14:32:05", "data": {"value": 0}},
{"samples": 580537959, "sample": 580537958, "startTime": "20240709T14:32:06", "data": {"value": 144}},
{"samples": 580537960, "sample": 580537959, "startTime": "20240709T14:32:07", "data": {"value": 8}},
{"samples": 580537961, "sample": 580537960, "startTime": "20240709T14:32:08", "data": {"value": 0}},
{"samples": 580537962, "sample": 580537961, "startTime": "20240709T14:32:09", "data": {"value": 0}},
{"samples": 580537963, "sample": 580537962, "startTime": "20240709T14:32:10", "data": {"value": 1}},
{"samples": 580537964, "sample": 580537963, "startTime": "20240709T14:32:11", "data": {"value": 161}},
{"samples": 580537965, "sample": 580537964, "startTime": "20240709T14:32:12", "data": {"value": 8}},
{"samples": 580537966, "sample": 580537965, "startTime": "20240709T14:32:13", "data": {"value": 0}},
{"samples": 580537967, "sample": 580537966, "startTime": "20240709T14:32:14", "data": {"value": 0}},
{"samples": 580537968, "sample": 580537967, "startTime": "20240709T14:32:15", "data": {"value": 8}},
{"samples": 580537969, "sample": 580537968, "startTime": "20240709T14:32:16", "data": {"value": 172}},
{"samples": 580537970, "sample": 580537969, "startTime": "20240709T14:32:17", "data": {"value": 0}},
{"samples": 580537971, "sample": 580537970, "startTime": "20240709T14:32:18", "data": {"value": 0}},
{"samples": 580537972, "sample": 580537971, "startTime": "20240709T14:32:19", "data": {"value": 0}},
{"samples": 580537973, "sample": 580537972, "startTime": "20240709T14:32:20", "data": {"value": 8}},
{"samples": 580537974, "sample": 580537973, "startTime": "20240709T14:32:21", "data": {"value": 145}},
{"samples": 580537975, "sample": 580537974, "startTime": "20240709T14:32:22", "data": {"value": 0}},
{"samples": 580537976, "sample": 580537975, "startTime": "20240709T14:32:23", "data": {"value": 0}},
{"samples": 580537977, "sample": 580537976, "startTime": "20240709T14:32:24", "data": {"value": 8}},
{"samples": 580537978, "sample": 580537977, "startTime": "20240709T14:32:25", "data": {"value": 0}},
{"samples": 580537979, "sample": 580537978, "startTime": "20240709T14:32:26", "data": {"value": 140}},
{"samples": 580537980, "sample": 580537979, "startTime": "20240709T14:32:27", "data": {"value": 0}},
{"samples": 580537981, "sample": 580537980, "startTime": "20240709T14:32:28", "data": {"value": 0}},
{"samples": 580537982, "sample": 580537981, "startTime": "20240709T14:32:29", "data": {"value": 8}},
{"samples": 580537983, "sample": 580537982, "startTime": "20240709T14:32:30", "data": {"value": 8}},
{"samples": 580537984, "sample": 580537983, "startTime": "20240709T14:32:31", "data": {"value": 164}},
{"samples": 580537985, "sample": 580537984, "startTime": "20240709T14:32:32", "data": {"value": 2}},
{"samples": 580537986, "sample": 580537985, "startTime": "20240709T14:32:33", "data": {"value": 0}},
{"samples": 580537987, "sample": 580537986, "startTime": "20240709T14:32:34", "data": {"value": 8}},
{"samples": 580537988, "sample": 580537987, "startTime": "20240709T14:32:35", "data": {"value": 8}},
{"samples": 580537989, "sample": 580537988, "startTime": "20240709T14:32:36", "data": {"value": 123}},
{"samples": 580537990, "sample": 580537989, "startTime": "20240709T14:32:37", "data": {"value": 0}},
{"samples": 580537991, "sample": 580537990, "startTime": "20240709T14:32:38", "data": {"value": 8}},
{"samples": 580537992, "sample": 580537991, "startTime": "20240709T14:32:39", "data": {"value": 9}},
{"samples": 580537993, "sample": 580537992, "startTime": "20240709T14:32:40", "data": {"value": 0}},
{"samples": 580537994, "sample": 580537993, "startTime": "20240709T14:32:41", "data": {"value": 202}},
{"samples": 580537995, "sample": 580537994, "startTime": "20240709T14:32:42", "data": {"value": 0}},
{"samples": 580537996, "sample": 580537995, "startTime": "20240709T14:32:43", "data": {"value": 8}},
{"samples": 580537997, "sample": 580537996, "startTime": "20240709T14:32:44", "data": {"value": 8}},
{"samples": 580537998, "sample": 580537997, "startTime": "20240709T14:32:45", "data": {"value": 0}}]}</ExampleContent>
      <IsSystem>0</IsSystem>
      <Encoding>UTF-8</Encoding>
      <Language>en_US</Language>
      <ParserFields>
         <ParserField>
            <FieldSeq>1</FieldSeq>
            <ParserName>ZFSTimeParser</ParserName>
            <StructuredColInfo>$.startTime</StructuredColInfo>
         </ParserField>
         <ParserField>
            <FieldSeq>2</FieldSeq>
            <FieldName>diskcurio</FieldName>
            <StructuredColInfo>$.data.value</StructuredColInfo>
         </ParserField>
      </ParserFields>
      <WrittenOnce>0</WrittenOnce>
      <IsDefaultParser>1</IsDefaultParser>
   </Parser>
   <Parser oms_version="2.96.2.0.0" tokenize_orig_text="1" type="0">
      <Name>ZFSTimeParser</Name>
      <DisplayName>ZFSTimeParser</DisplayName>
      <Description>Time Entry parser for ZFS system log</Description>
      <ParserContent>([\d]{4})([\d]{2})([\d]{2})(\w)([\d]{2}):([\d]{2}):([\d]{2})</ParserContent>
      <IsSingleLineContent>1</IsSingleLineContent>
      <ExampleContent>20240623T23:04:30</ExampleContent>
      <IsSystem>0</IsSystem>
      <Encoding>UTF-8</Encoding>
      <Language>en_US</Language>
      <ParserFields>
         <ParserField>
            <FieldSeq>4</FieldSeq>
            <FieldName>flags</FieldName>
         </ParserField>
         <ParserField>
            <FieldSeq>3</FieldSeq>
            <FieldName>timeday</FieldName>
         </ParserField>
         <ParserField>
            <FieldSeq>5</FieldSeq>
            <FieldName>timehour24</FieldName>
         </ParserField>
         <ParserField>
            <FieldSeq>6</FieldSeq>
            <FieldName>timeminute</FieldName>
         </ParserField>
         <ParserField>
            <FieldSeq>2</FieldSeq>
            <FieldName>timemonthnum</FieldName>
         </ParserField>
         <ParserField>
            <FieldSeq>7</FieldSeq>
            <FieldName>timesecond</FieldName>
         </ParserField>
         <ParserField>
            <FieldSeq>1</FieldSeq>
            <FieldName>timeyearlong</FieldName>
         </ParserField>
      </ParserFields>
      <WrittenOnce>0</WrittenOnce>
      <IsDefaultParser>1</IsDefaultParser>
   </Parser>
   <Source configWarningSettings="0" name="ZFS_io_metric_source" oms_version="2.96.2.0.0">
      <SourceType>rest_api</SourceType>
      <TargetTypes>
         <TargetType>omc_host_linux</TargetType>
      </TargetTypes>
      <DisplayName>ZFS_io_metric_source</DisplayName>
      <Description>ZFS IO Ops per sec</Description>
      <IsSystem>0</IsSystem>
      <IsSecureContent>1</IsSecureContent>
      <Endpoints>
         <LogEndpoint>
            <Name>ZFS-IO-metric-endpoint</Name>
            <Request>
               <Method>GET</Method>
               <Url>https://instance-zfs.subnet07260921.vcn07260921.oraclevcn.com:215/api/analytics/v1/datasets/io.ops/data?start=now&amp;seconds=5&amp;span=minute&amp;interval=minute</Url>
               <Headers>
                  <Header>
                     <Name>Content-Type</Name>
                     <Value>application/json</Value>
                  </Header>
               </Headers>
            </Request>
            <Credentials>
               <CredentialType>BASIC_AUTH</CredentialType>
               <CredentialName>ZFSRESTAPICRED</CredentialName>
            </Credentials>
            <IsSystem>0</IsSystem>
            <IsEnabled>1</IsEnabled>
         </LogEndpoint>
      </Endpoints>
      <Parsers>
         <Parser>
            <ParserSeq>1</ParserSeq>
            <ParserName>ZFS_io_metric_parser</ParserName>
         </Parser>
      </Parsers>
      <IsHidden>0</IsHidden>
      <IsSMAEnabled>0</IsSMAEnabled>
   </Source>
</LoganContent>
