<?xml version="1.0" encoding="UTF-8" standalone="no"?>
<LoganContent xmlns="http://www.oracle.com/DataCenter/LogAnalyticsStd" content_version="2.94.1.0.0" name="content_ocid1.tenancy.oc1..aaaaaexampleaaaaa" oms_version="2.94.1.0.0">
   <Source configWarningSettings="0" name="omc_ociAuditLogSource" oms_version="2.94.1.0.0">
      <SourceType>os_file</SourceType>
      <DisplayName>OCI Audit Logs</DisplayName>
      <Description>Oracle Cloud Infrastructure Audit Logs</Description>
      <IsSystem>1</IsSystem>
      <IsSecureContent>0</IsSecureContent>
      <Parsers>
         <Parser>
            <ParserSeq>1</ParserSeq>
            <ParserName>oci_audit_unifmt_logtype</ParserName>
         </Parser>
      </Parsers>
      <ExtFieldDefinitions>
         <ExtFieldDefinition>
            <BaseFieldName>mbody</BaseFieldName>
            <BaseFieldLogText>"message": " InteractiveLogin succeeded",</BaseFieldLogText>
            <RegexExpression>\"message\"\s*?:\s*\"?{eventdesc:[^\"\,]+}\"?</RegexExpression>
            <ExtFieldName>eventdesc</ExtFieldName>
            <IsSystem>0</IsSystem>
            <IsEnabled>1</IsEnabled>
         </ExtFieldDefinition>
         <ExtFieldDefinition>
            <BaseFieldName>mbody</BaseFieldName>
            <BaseFieldLogText>\"ssoComments\":\"Authentication failure.\",</BaseFieldLogText>
            <RegexExpression>\\\"ssoComments\\\"\s*?:\s*\\\"?{comment:[^\\\,]+}\\\"?</RegexExpression>
            <ExtFieldName>comment</ExtFieldName>
            <IsSystem>0</IsSystem>
            <IsEnabled>1</IsEnabled>
         </ExtFieldDefinition>
         <ExtFieldDefinition>
            <BaseFieldName>mbody</BaseFieldName>
            <BaseFieldLogText>"ssoRp": "LoginClient_APPID",</BaseFieldLogText>
            <RegexExpression>\"ssoRp\"\s*?:\s*\"?{appid:[^\"\,]+}\"?</RegexExpression>
            <ExtFieldName>appid</ExtFieldName>
            <IsSystem>0</IsSystem>
            <IsEnabled>1</IsEnabled>
         </ExtFieldDefinition>
      </ExtFieldDefinitions>
      <SourceFunctions>
         <SourceFunction lookupMode="0" name="Geolocation" order="101" overrideOutputFields="1">
            <SourceInputFields>
               <InputField lkCol="IP Field" order="1" service="FIELD">srcip</InputField>
            </SourceInputFields>
            <SourceOutputFields>
               <OutputField lkCol="Continent" order="1" service="FIELD">continentclnt</OutputField>
               <OutputField lkCol="Country Code" order="4" service="FIELD">countrycodeclnt</OutputField>
               <OutputField lkCol="Coordinates" order="8" service="FIELD">geolocclnt</OutputField>
               <OutputField lkCol="Continent Code" order="2" service="FIELD">continentcodeclnt</OutputField>
               <OutputField lkCol="City" order="7" service="FIELD">cityclnt</OutputField>
               <OutputField lkCol="Country" order="3" service="FIELD">countryclnt</OutputField>
               <OutputField lkCol="State Code" order="6" service="FIELD">regioncodeclnt</OutputField>
               <OutputField lkCol="State" order="5" service="FIELD">regionclnt</OutputField>
            </SourceOutputFields>
            <SourceFunctionFeatures>
               <FunctionFeature>
                  <Name>Geolocation</Name>
               </FunctionFeature>
               <FunctionFeature>
                  <Name>ThreatIntelligence</Name>
               </FunctionFeature>
            </SourceFunctionFeatures>
            <IsSystem>0</IsSystem>
            <IsEnabled>1</IsEnabled>
         </SourceFunction>
         <SourceFunction lookupMode="1" lookupTable="omc_audit_api_names" name="Lookup" order="102" overrideOutputFields="1">
            <SourceInputFields>
               <InputField lkCol="Type" order="1" service="FIELD">type</InputField>
            </SourceInputFields>
            <SourceOutputFields>
               <OutputField lkCol="Description" order="1" service="FIELD">desc</OutputField>
               <OutputField lkCol="Action Type" order="2" service="FIELD">actntype</OutputField>
            </SourceOutputFields>
            <IsSystem>0</IsSystem>
            <IsEnabled>1</IsEnabled>
         </SourceFunction>
      </SourceFunctions>
      <IsHidden>0</IsHidden>
      <IsSMAEnabled>0</IsSMAEnabled>
   </Source>
</LoganContent>
