<?xml version="1.0" encoding="UTF-8" standalone="no"?>
<LoganContent xmlns="http://www.oracle.com/DataCenter/LogAnalyticsStd" content_version="2.96.2.0.0" name="content_ocid1.tenancy.oc1..aaaaaaaa53uu2d7z77v44jhvjsinojzsxjroeutt3ty5wqhp46izfg4o7pda_1729774059202" oms_version="2.96.2.0.0">
   <Field oms_version="2.96.2.0.0">
      <DisplayName>Network Throughput Bytes</DisplayName>
      <FieldType>1</FieldType>
      <IsSystem>0</IsSystem>
      <IsPrimary>1</IsPrimary>
      <DataType>LONG</DataType>
      <IsMetricKeyEligible>0</IsMetricKeyEligible>
      <IsMetricValueEligible>0</IsMetricValueEligible>
      <FacetEligible>1</FacetEligible>
      <RangeFacetEligible>0</RangeFacetEligible>
      <TableEligible>1</TableEligible>
      <FacetPriority>1</FacetPriority>
      <Summarizable>1</Summarizable>
      <HighCardinality>1</HighCardinality>
      <LargeData>0</LargeData>
      <MultiValued>0</MultiValued>
      <SMAEnabledSetting>0</SMAEnabledSetting>
   </Field>
   <Parser oms_version="2.96.2.0.0" tokenize_orig_text="1" type="6">
      <Name>ZFS_network_metric_parser</Name>
      <DisplayName>ZFS_network_metric_parser</DisplayName>
      <IsSingleLineContent>0</IsSingleLineContent>
      <HeaderContent>$.data:2</HeaderContent>
      <ExampleContent>{"data":[{"samples": 580537742, "sample": 580537741, "startTime": "20240709T14:28:29", "data": {"value": 78}},
{"samples": 580537743, "sample": 580537742, "startTime": "20240709T14:28:30", "data": {"value": 139}},
{"samples": 580537744, "sample": 580537743, "startTime": "20240709T14:28:31", "data": {"value": 57}},
{"samples": 580537745, "sample": 580537744, "startTime": "20240709T14:28:32", "data": {"value": 184}},
{"samples": 580537746, "sample": 580537745, "startTime": "20240709T14:28:33", "data": {"value": 76}},
{"samples": 580537747, "sample": 580537746, "startTime": "20240709T14:28:34", "data": {"value": 108}},
{"samples": 580537748, "sample": 580537747, "startTime": "20240709T14:28:35", "data": {"value": 38}},
{"samples": 580537749, "sample": 580537748, "startTime": "20240709T14:28:36", "data": {"value": 110}},
{"samples": 580537750, "sample": 580537749, "startTime": "20240709T14:28:37", "data": {"value": 76}},
{"samples": 580537751, "sample": 580537750, "startTime": "20240709T14:28:38", "data": {"value": 152}},
{"samples": 580537752, "sample": 580537751, "startTime": "20240709T14:28:39", "data": {"value": 38}},
{"samples": 580537753, "sample": 580537752, "startTime": "20240709T14:28:40", "data": {"value": 102}},
{"samples": 580537754, "sample": 580537753, "startTime": "20240709T14:28:41", "data": {"value": 75}},
{"samples": 580537755, "sample": 580537754, "startTime": "20240709T14:28:42", "data": {"value": 146}},
{"samples": 580537756, "sample": 580537755, "startTime": "20240709T14:28:43", "data": {"value": 37}},
{"samples": 580537757, "sample": 580537756, "startTime": "20240709T14:28:44", "data": {"value": 104}},
{"samples": 580537758, "sample": 580537757, "startTime": "20240709T14:28:45", "data": {"value": 42}},
{"samples": 580537759, "sample": 580537758, "startTime": "20240709T14:28:46", "data": {"value": 143}},
{"samples": 580537760, "sample": 580537759, "startTime": "20240709T14:28:47", "data": {"value": 108}},
{"samples": 580537761, "sample": 580537760, "startTime": "20240709T14:28:48", "data": {"value": 113}},
{"samples": 580537762, "sample": 580537761, "startTime": "20240709T14:28:49", "data": {"value": 38}},
{"samples": 580537763, "sample": 580537762, "startTime": "20240709T14:28:50", "data": {"value": 122}},
{"samples": 580537764, "sample": 580537763, "startTime": "20240709T14:28:51", "data": {"value": 94}},
{"samples": 580537765, "sample": 580537764, "startTime": "20240709T14:28:52", "data": {"value": 143}},
{"samples": 580537766, "sample": 580537765, "startTime": "20240709T14:28:53", "data": {"value": 38}},
{"samples": 580537767, "sample": 580537766, "startTime": "20240709T14:28:54", "data": {"value": 106}},
{"samples": 580537768, "sample": 580537767, "startTime": "20240709T14:28:55", "data": {"value": 76}},
{"samples": 580537769, "sample": 580537768, "startTime": "20240709T14:28:56", "data": {"value": 142}},
{"samples": 580537770, "sample": 580537769, "startTime": "20240709T14:28:57", "data": {"value": 38}},
{"samples": 580537771, "sample": 580537770, "startTime": "20240709T14:28:58", "data": {"value": 127}},
{"samples": 580537772, "sample": 580537771, "startTime": "20240709T14:28:59", "data": {"value": 40}},
{"samples": 580537773, "sample": 580537772, "startTime": "20240709T14:29:00", "data": {"value": 39}},
{"samples": 580537774, "sample": 580537773, "startTime": "20240709T14:29:01", "data": {"value": 148}},
{"samples": 580537775, "sample": 580537774, "startTime": "20240709T14:29:02", "data": {"value": 33}},
{"samples": 580537776, "sample": 580537775, "startTime": "20240709T14:29:03", "data": {"value": 6}},
{"samples": 580537777, "sample": 580537776, "startTime": "20240709T14:29:04", "data": {"value": 179}},
{"samples": 580537778, "sample": 580537777, "startTime": "20240709T14:29:05", "data": {"value": 75}},
{"samples": 580537779, "sample": 580537778, "startTime": "20240709T14:29:06", "data": {"value": 4}},
{"samples": 580537780, "sample": 580537779, "startTime": "20240709T14:29:07", "data": {"value": 103}},
{"samples": 580537781, "sample": 580537780, "startTime": "20240709T14:29:08", "data": {"value": 32}},
{"samples": 580537782, "sample": 580537781, "startTime": "20240709T14:29:09", "data": {"value": 44}},
{"samples": 580537783, "sample": 580537782, "startTime": "20240709T14:29:10", "data": {"value": 137}},
{"samples": 580537784, "sample": 580537783, "startTime": "20240709T14:29:11", "data": {"value": 29}},
{"samples": 580537785, "sample": 580537784, "startTime": "20240709T14:29:12", "data": {"value": 32}},
{"samples": 580537786, "sample": 580537785, "startTime": "20240709T14:29:13", "data": {"value": 44}},
{"samples": 580537787, "sample": 580537786, "startTime": "20240709T14:29:14", "data": {"value": 141}},
{"samples": 580537788, "sample": 580537787, "startTime": "20240709T14:29:15", "data": {"value": 36}},
{"samples": 580537789, "sample": 580537788, "startTime": "20240709T14:29:16", "data": {"value": 0}},
{"samples": 580537790, "sample": 580537789, "startTime": "20240709T14:29:17", "data": {"value": 121}},
{"samples": 580537791, "sample": 580537790, "startTime": "20240709T14:29:18", "data": {"value": 60}},
{"samples": 580537792, "sample": 580537791, "startTime": "20240709T14:29:19", "data": {"value": 159}},
{"samples": 580537793, "sample": 580537792, "startTime": "20240709T14:29:20", "data": {"value": 57}},
{"samples": 580537794, "sample": 580537793, "startTime": "20240709T14:29:21", "data": {"value": 36}},
{"samples": 580537795, "sample": 580537794, "startTime": "20240709T14:29:22", "data": {"value": 151}},
{"samples": 580537796, "sample": 580537795, "startTime": "20240709T14:29:23", "data": {"value": 44}},
{"samples": 580537797, "sample": 580537796, "startTime": "20240709T14:29:24", "data": {"value": 30}},
{"samples": 580537798, "sample": 580537797, "startTime": "20240709T14:29:25", "data": {"value": 6}},
{"samples": 580537799, "sample": 580537798, "startTime": "20240709T14:29:26", "data": {"value": 98}},
{"samples": 580537800, "sample": 580537799, "startTime": "20240709T14:29:27", "data": {"value": 75}},
{"samples": 580537801, "sample": 580537800, "startTime": "20240709T14:29:28", "data": {"value": 38}}]}</ExampleContent>
      <IsSystem>0</IsSystem>
      <Encoding>UTF-8</Encoding>
      <Language>en_US</Language>
      <ParserFields>
         <ParserField>
            <FieldSeq>1</FieldSeq>
            <ParserName>ZFSTimeParser</ParserName>
            <StructuredColInfo>$.startTime</StructuredColInfo>
         </ParserField>
         <ParserField>
            <FieldSeq>2</FieldSeq>
            <FieldName>udfl8</FieldName>
            <StructuredColInfo>$.data.value</StructuredColInfo>
         </ParserField>
      </ParserFields>
      <WrittenOnce>0</WrittenOnce>
      <IsDefaultParser>1</IsDefaultParser>
   </Parser>
   <Parser oms_version="2.96.2.0.0" tokenize_orig_text="1" type="0">
      <Name>ZFSTimeParser</Name>
      <DisplayName>ZFSTimeParser</DisplayName>
      <Description>Time Entry parser for ZFS system log</Description>
      <ParserContent>([\d]{4})([\d]{2})([\d]{2})(\w)([\d]{2}):([\d]{2}):([\d]{2})</ParserContent>
      <IsSingleLineContent>1</IsSingleLineContent>
      <ExampleContent>20240623T23:04:30</ExampleContent>
      <IsSystem>0</IsSystem>
      <Encoding>UTF-8</Encoding>
      <Language>en_US</Language>
      <ParserFields>
         <ParserField>
            <FieldSeq>4</FieldSeq>
            <FieldName>flags</FieldName>
         </ParserField>
         <ParserField>
            <FieldSeq>3</FieldSeq>
            <FieldName>timeday</FieldName>
         </ParserField>
         <ParserField>
            <FieldSeq>5</FieldSeq>
            <FieldName>timehour24</FieldName>
         </ParserField>
         <ParserField>
            <FieldSeq>6</FieldSeq>
            <FieldName>timeminute</FieldName>
         </ParserField>
         <ParserField>
            <FieldSeq>2</FieldSeq>
            <FieldName>timemonthnum</FieldName>
         </ParserField>
         <ParserField>
            <FieldSeq>7</FieldSeq>
            <FieldName>timesecond</FieldName>
         </ParserField>
         <ParserField>
            <FieldSeq>1</FieldSeq>
            <FieldName>timeyearlong</FieldName>
         </ParserField>
      </ParserFields>
      <WrittenOnce>0</WrittenOnce>
      <IsDefaultParser>1</IsDefaultParser>
   </Parser>
   <Source configWarningSettings="0" name="ZFS_network_metric_source" oms_version="2.96.2.0.0">
      <SourceType>rest_api</SourceType>
      <TargetTypes>
         <TargetType>omc_host_linux</TargetType>
      </TargetTypes>
      <DisplayName>ZFS_network_metric_source</DisplayName>
      <Description>ZFS Network Bytes per sec</Description>
      <IsSystem>0</IsSystem>
      <IsSecureContent>1</IsSecureContent>
      <Endpoints>
         <LogEndpoint>
            <Name>ZFS-network-metric-endpoint</Name>
            <Request>
               <Method>GET</Method>
               <Url>https://instance-zfs.subnet07260921.vcn07260921.oraclevcn.com:215/api/analytics/v1/datasets/io.bytes/data?start=now&amp;seconds=5&amp;span=minute&amp;interval=minute</Url>
               <Headers>
                  <Header>
                     <Name>Content-Type</Name>
                     <Value>application/json</Value>
                  </Header>
               </Headers>
            </Request>
            <Credentials>
               <CredentialType>BASIC_AUTH</CredentialType>
               <CredentialName>ZFSRESTAPICRED</CredentialName>
            </Credentials>
            <IsSystem>0</IsSystem>
            <IsEnabled>1</IsEnabled>
         </LogEndpoint>
      </Endpoints>
      <Parsers>
         <Parser>
            <ParserSeq>1</ParserSeq>
            <ParserName>ZFS_network_metric_parser</ParserName>
         </Parser>
      </Parsers>
      <IsHidden>0</IsHidden>
      <IsSMAEnabled>0</IsSMAEnabled>
   </Source>
   <FieldNameMaps>
      <FieldNameMap>
         <Name>udfl8</Name>
         <DisplayName>Network Throughput Bytes</DisplayName>
      </FieldNameMap>
   </FieldNameMaps>
</LoganContent>
