<?xml version="1.0" encoding="UTF-8" standalone="no"?>
<LoganContent xmlns="http://www.oracle.com/DataCenter/LogAnalyticsStd" content_version="3.112.1.0.0" name="content_ocid1.tenancy.oc1..aaaaaexampleaaaaa" oms_version="3.112.1.0.0">
   <Field oms_version="3.112.1.0.0">
      <DisplayName>resourceGroup</DisplayName>
      <Description>resourceGroup</Description>
      <FieldType>1</FieldType>
      <IsSystem>0</IsSystem>
      <IsPrimary>1</IsPrimary>
      <DataType>STRING</DataType>
      <IsMetricKeyEligible>0</IsMetricKeyEligible>
      <IsMetricValueEligible>0</IsMetricValueEligible>
      <FacetEligible>1</FacetEligible>
      <RangeFacetEligible>0</RangeFacetEligible>
      <TableEligible>1</TableEligible>
      <FacetPriority>1</FacetPriority>
      <Summarizable>1</Summarizable>
      <HighCardinality>1</HighCardinality>
      <LargeData>0</LargeData>
      <MultiValued>0</MultiValued>
      <SMAEnabledSetting>0</SMAEnabledSetting>
   </Field>
   <Field oms_version="3.112.1.0.0">
      <DisplayName>Metric_Value</DisplayName>
      <FieldType>1</FieldType>
      <IsSystem>0</IsSystem>
      <IsPrimary>1</IsPrimary>
      <DataType>FLOAT</DataType>
      <IsMetricKeyEligible>0</IsMetricKeyEligible>
      <IsMetricValueEligible>0</IsMetricValueEligible>
      <FacetEligible>1</FacetEligible>
      <RangeFacetEligible>0</RangeFacetEligible>
      <TableEligible>1</TableEligible>
      <FacetPriority>1</FacetPriority>
      <Summarizable>1</Summarizable>
      <HighCardinality>1</HighCardinality>
      <LargeData>0</LargeData>
      <MultiValued>0</MultiValued>
      <SMAEnabledSetting>0</SMAEnabledSetting>
   </Field>
   <Field oms_version="3.112.1.0.0">
      <DisplayName>Timestamp</DisplayName>
      <Description>Log collected timestamp</Description>
      <FieldType>1</FieldType>
      <IsSystem>0</IsSystem>
      <IsPrimary>1</IsPrimary>
      <DataType>TIMESTAMP</DataType>
      <IsMetricKeyEligible>0</IsMetricKeyEligible>
      <IsMetricValueEligible>0</IsMetricValueEligible>
      <FacetEligible>1</FacetEligible>
      <RangeFacetEligible>0</RangeFacetEligible>
      <TableEligible>1</TableEligible>
      <FacetPriority>1</FacetPriority>
      <Summarizable>1</Summarizable>
      <HighCardinality>1</HighCardinality>
      <LargeData>0</LargeData>
      <MultiValued>0</MultiValued>
      <SMAEnabledSetting>0</SMAEnabledSetting>
   </Field>
   <Field oms_version="3.112.1.0.0">
      <DisplayName>Metric_Name</DisplayName>
      <Description>Metric_Name</Description>
      <FieldType>1</FieldType>
      <IsSystem>0</IsSystem>
      <IsPrimary>1</IsPrimary>
      <DataType>STRING</DataType>
      <IsMetricKeyEligible>0</IsMetricKeyEligible>
      <IsMetricValueEligible>0</IsMetricValueEligible>
      <FacetEligible>1</FacetEligible>
      <RangeFacetEligible>0</RangeFacetEligible>
      <TableEligible>1</TableEligible>
      <FacetPriority>1</FacetPriority>
      <Summarizable>1</Summarizable>
      <HighCardinality>1</HighCardinality>
      <LargeData>0</LargeData>
      <MultiValued>0</MultiValued>
      <SMAEnabledSetting>0</SMAEnabledSetting>
   </Field>
   <Field oms_version="3.112.1.0.0">
      <DisplayName>BackupDestinationType</DisplayName>
      <FieldType>1</FieldType>
      <IsSystem>0</IsSystem>
      <IsPrimary>1</IsPrimary>
      <DataType>STRING</DataType>
      <IsMetricKeyEligible>0</IsMetricKeyEligible>
      <IsMetricValueEligible>0</IsMetricValueEligible>
      <FacetEligible>1</FacetEligible>
      <RangeFacetEligible>0</RangeFacetEligible>
      <TableEligible>1</TableEligible>
      <FacetPriority>1</FacetPriority>
      <Summarizable>1</Summarizable>
      <HighCardinality>1</HighCardinality>
      <LargeData>0</LargeData>
      <MultiValued>0</MultiValued>
      <SMAEnabledSetting>0</SMAEnabledSetting>
   </Field>
   <Parser oms_version="3.112.1.0.0" tokenize_orig_text="1" type="6">
      <Name>OCI_Backup_Duration</Name>
      <DisplayName>OCI_Backup_Duration</DisplayName>
      <IsSingleLineContent>0</IsSingleLineContent>
      <HeaderContent>$:2</HeaderContent>
      <ExampleContent>[
    {
        "namespace": "oracle_oci_database",
        "resourceGroup": null,
        "compartmentId": "ocid1.compartment.oc1..aaaaaexampleaaaaa",
        "name": "BackupDuration",
        "dimensions": {
            "deviceType": "TAPE",
            "resourceName": "DB0207"
        },
        "metadata": {
            "displayName": "Backup duration",
            "unit": "seconds"
        },
        "resolution": null,
        "aggregatedDatapoints": [
            {
                "timestamp": "2025-09-08T18:00:00.000Z",
                "value": 32.5
            }
        ]
    },
    {
        "namespace": "oracle_oci_database",
        "resourceGroup": null,
        "compartmentId": "ocid1.compartment.oc1..aaaaaexampleaaaaa",
        "name": "BackupDuration",
        "dimensions": {
            "deviceType": "TAPE",
            "resourceName": "ORCL3"
        },
        "metadata": {
            "displayName": "Backup duration",
            "unit": "seconds"
        },
        "resolution": null,
        "aggregatedDatapoints": [
            {
                "timestamp": "2025-09-08T18:00:00.000Z",
                "value": 40.0
            }
        ]
    },
    {
        "namespace": "oracle_oci_database",
        "resourceGroup": null,
        "compartmentId": "ocid1.compartment.oc1..aaaaaexampleaaaaa",
        "name": "BackupDuration",
        "dimensions": {
            "deviceType": "DISK",
            "resourceName": "DB0207"
        },
        "metadata": {
            "displayName": "Backup duration",
            "unit": "seconds"
        },
        "resolution": null,
        "aggregatedDatapoints": [
            {
                "timestamp": "2025-09-08T18:00:00.000Z",
                "value": 13.0
            }
        ]
    }
]</ExampleContent>
      <IsSystem>0</IsSystem>
      <Encoding>UTF-8</Encoding>
      <Language>en_US</Language>
      <ParserFields>
         <ParserField>
            <FieldSeq>13</FieldSeq>
            <FieldName>udfd26</FieldName>
            <StructuredColInfo>$.aggregatedDatapoints[*].timestamp</StructuredColInfo>
         </ParserField>
         <ParserField>
            <FieldSeq>14</FieldSeq>
            <FieldName>udff5</FieldName>
            <StructuredColInfo>$.aggregatedDatapoints[*].value</StructuredColInfo>
         </ParserField>
         <ParserField>
            <FieldSeq>7</FieldSeq>
            <FieldName>ocirsrcname</FieldName>
            <StructuredColInfo>$.dimensions.resourceName</StructuredColInfo>
         </ParserField>
         <ParserField>
            <FieldSeq>4</FieldSeq>
            <FieldName>udfs128</FieldName>
            <StructuredColInfo>$.name</StructuredColInfo>
         </ParserField>
         <ParserField>
            <FieldSeq>1</FieldSeq>
            <FieldName>namespace</FieldName>
            <StructuredColInfo>$.namespace</StructuredColInfo>
         </ParserField>
         <ParserField>
            <FieldSeq>2</FieldSeq>
            <FieldName>udfs309</FieldName>
            <StructuredColInfo>$.resourceGroup</StructuredColInfo>
         </ParserField>
         <ParserField>
            <FieldSeq>6</FieldSeq>
            <FieldName>udfs192</FieldName>
            <StructuredColInfo>$.dimensions.deviceType</StructuredColInfo>
         </ParserField>
         <ParserField>
            <FieldSeq>9</FieldSeq>
            <FieldName>desc</FieldName>
            <StructuredColInfo>$.metadata.displayName</StructuredColInfo>
         </ParserField>
         <ParserField>
            <FieldSeq>10</FieldSeq>
            <FieldName>unit</FieldName>
            <StructuredColInfo>$.metadata.unit</StructuredColInfo>
         </ParserField>
         <ParserField>
            <FieldSeq>3</FieldSeq>
            <FieldName>compartmentid</FieldName>
            <StructuredColInfo>$.compartmentId</StructuredColInfo>
         </ParserField>
      </ParserFields>
      <WrittenOnce>0</WrittenOnce>
      <IsDefaultParser>1</IsDefaultParser>
   </Parser>
   <Source configWarningSettings="0" name="OCI_Backup_Duration" oms_version="3.112.1.0.0">
      <SourceType>rest_api</SourceType>
      <TargetTypes>
         <TargetType>omc_host_linux</TargetType>
      </TargetTypes>
      <DisplayName>OCI_Backup_Duration</DisplayName>
      <Description>OCI_Backup_Duration</Description>
      <IsSystem>0</IsSystem>
      <IsSecureContent>1</IsSecureContent>
      <Endpoints>
         <LogEndpoint>
            <Name>db backup duration endpoint</Name>
            <Request>
               <Method>POST</Method>
               <Url>https://telemetry.us-ashburn-1.oraclecloud.com/20180401/metrics/actions/summarizeMetricsData?compartmentId=ocid1.compartment.oc1..aaaaaexampleaaaaa</Url>
               <ContentType>application/json</ContentType>
               <Data>{
        "namespace": "oracle_oci_database",
        "startTime": "{CURR_TIME-1D:yyyy-MM-dd'T'HH:mm:00.000}Z",
        "endTime": "{CURR_TIME:yyyy-MM-dd'T'HH:mm:00.000}Z",
        "query": "BackupDuration[1h].groupBy(resourceName,deviceType).mean()"
}</Data>
               <Headers>
                  <Header>
                     <Name>Accept</Name>
                     <Value>application/json</Value>
                  </Header>
               </Headers>
            </Request>
            <IsSystem>0</IsSystem>
            <IsEnabled>1</IsEnabled>
         </LogEndpoint>
      </Endpoints>
      <Parsers>
         <Parser>
            <ParserSeq>1</ParserSeq>
            <ParserName>OCI_Backup_Duration</ParserName>
         </Parser>
      </Parsers>
      <IsHidden>0</IsHidden>
      <IsSMAEnabled>0</IsSMAEnabled>
   </Source>
   <FieldNameMaps>
      <FieldNameMap>
         <Name>udfs309</Name>
         <DisplayName>resourceGroup</DisplayName>
      </FieldNameMap>
      <FieldNameMap>
         <Name>udff5</Name>
         <DisplayName>Metric_Value</DisplayName>
      </FieldNameMap>
      <FieldNameMap>
         <Name>udfd26</Name>
         <DisplayName>Timestamp</DisplayName>
      </FieldNameMap>
      <FieldNameMap>
         <Name>udfs128</Name>
         <DisplayName>Metric_Name</DisplayName>
      </FieldNameMap>
      <FieldNameMap>
         <Name>udfs192</Name>
         <DisplayName>BackupDestinationType</DisplayName>
      </FieldNameMap>
   </FieldNameMaps>
</LoganContent>
