<?xml version="1.0" encoding="UTF-8" standalone="no"?>
<LoganContent xmlns="http://www.oracle.com/DataCenter/LogAnalyticsStd" content_version="2.96.2.0.0" name="content_ocid1.tenancy.oc1..aaaaaexampleaaaaa" oms_version="2.96.2.0.0">
   <Parser oms_version="2.96.2.0.0" tokenize_orig_text="1" type="6">
      <Name>ZFS_cpuutil_metric_parser</Name>
      <DisplayName>ZFS_cpuutil_metric_parser</DisplayName>
      <IsSingleLineContent>0</IsSingleLineContent>
      <HeaderContent>$.data:2</HeaderContent>
      <ExampleContent>{"data":[{"samples": 580532509, "sample": 580532508, "startTime": "20240709T13:01:16", "data": {"value": 2}},
{"samples": 580532510, "sample": 580532509, "startTime": "20240709T13:01:17", "data": {"value": 1}},
{"samples": 580532511, "sample": 580532510, "startTime": "20240709T13:01:18", "data": {"value": 3}},
{"samples": 580532512, "sample": 580532511, "startTime": "20240709T13:01:19", "data": {"value": 26}},
{"samples": 580532513, "sample": 580532512, "startTime": "20240709T13:01:20", "data": {"value": 3}},
{"samples": 580532514, "sample": 580532513, "startTime": "20240709T13:01:21", "data": {"value": 4}},
{"samples": 580532515, "sample": 580532514, "startTime": "20240709T13:01:22", "data": {"value": 1}},
{"samples": 580532516, "sample": 580532515, "startTime": "20240709T13:01:23", "data": {"value": 1}},
{"samples": 580532517, "sample": 580532516, "startTime": "20240709T13:01:24", "data": {"value": 8}},
{"samples": 580532518, "sample": 580532517, "startTime": "20240709T13:01:25", "data": {"value": 1}},
{"samples": 580532519, "sample": 580532518, "startTime": "20240709T13:01:26", "data": {"value": 3}},
{"samples": 580532520, "sample": 580532519, "startTime": "20240709T13:01:27", "data": {"value": 1}},
{"samples": 580532521, "sample": 580532520, "startTime": "20240709T13:01:28", "data": {"value": 1}},
{"samples": 580532522, "sample": 580532521, "startTime": "20240709T13:01:29", "data": {"value": 1}},
{"samples": 580532523, "sample": 580532522, "startTime": "20240709T13:01:30", "data": {"value": 1}},
{"samples": 580532524, "sample": 580532523, "startTime": "20240709T13:01:31", "data": {"value": 4}},
{"samples": 580532525, "sample": 580532524, "startTime": "20240709T13:01:32", "data": {"value": 1}},
{"samples": 580532526, "sample": 580532525, "startTime": "20240709T13:01:33", "data": {"value": 2}},
{"samples": 580532527, "sample": 580532526, "startTime": "20240709T13:01:34", "data": {"value": 9}},
{"samples": 580532528, "sample": 580532527, "startTime": "20240709T13:01:35", "data": {"value": 3}},
{"samples": 580532529, "sample": 580532528, "startTime": "20240709T13:01:36", "data": {"value": 3}},
{"samples": 580532530, "sample": 580532529, "startTime": "20240709T13:01:37", "data": {"value": 1}},
{"samples": 580532531, "sample": 580532530, "startTime": "20240709T13:01:38", "data": {"value": 1}},
{"samples": 580532532, "sample": 580532531, "startTime": "20240709T13:01:39", "data": {"value": 1}},
{"samples": 580532533, "sample": 580532532, "startTime": "20240709T13:01:40", "data": {"value": 5}},
{"samples": 580532534, "sample": 580532533, "startTime": "20240709T13:01:41", "data": {"value": 5}},
{"samples": 580532535, "sample": 580532534, "startTime": "20240709T13:01:42", "data": {"value": 1}},
{"samples": 580532536, "sample": 580532535, "startTime": "20240709T13:01:43", "data": {"value": 1}},
{"samples": 580532537, "sample": 580532536, "startTime": "20240709T13:01:44", "data": {"value": 8}},
{"samples": 580532538, "sample": 580532537, "startTime": "20240709T13:01:45", "data": {"value": 1}},
{"samples": 580532539, "sample": 580532538, "startTime": "20240709T13:01:46", "data": {"value": 4}},
{"samples": 580532540, "sample": 580532539, "startTime": "20240709T13:01:47", "data": {"value": 1}},
{"samples": 580532541, "sample": 580532540, "startTime": "20240709T13:01:48", "data": {"value": 46}},
{"samples": 580532542, "sample": 580532541, "startTime": "20240709T13:01:49", "data": {"value": 56}},
{"samples": 580532543, "sample": 580532542, "startTime": "20240709T13:01:50", "data": {"value": 55}},
{"samples": 580532544, "sample": 580532543, "startTime": "20240709T13:01:51", "data": {"value": 57}},
{"samples": 580532545, "sample": 580532544, "startTime": "20240709T13:01:52", "data": {"value": 53}},
{"samples": 580532546, "sample": 580532545, "startTime": "20240709T13:01:53", "data": {"value": 51}},
{"samples": 580532547, "sample": 580532546, "startTime": "20240709T13:01:54", "data": {"value": 65}},
{"samples": 580532548, "sample": 580532547, "startTime": "20240709T13:01:55", "data": {"value": 53}},
{"samples": 580532549, "sample": 580532548, "startTime": "20240709T13:01:56", "data": {"value": 55}},
{"samples": 580532550, "sample": 580532549, "startTime": "20240709T13:01:57", "data": {"value": 53}},
{"samples": 580532551, "sample": 580532550, "startTime": "20240709T13:01:58", "data": {"value": 51}},
{"samples": 580532552, "sample": 580532551, "startTime": "20240709T13:01:59", "data": {"value": 53}},
{"samples": 580532553, "sample": 580532552, "startTime": "20240709T13:02:00", "data": {"value": 53}},
{"samples": 580532554, "sample": 580532553, "startTime": "20240709T13:02:01", "data": {"value": 64}},
{"samples": 580532555, "sample": 580532554, "startTime": "20240709T13:02:02", "data": {"value": 53}},
{"samples": 580532556, "sample": 580532555, "startTime": "20240709T13:02:03", "data": {"value": 52}},
{"samples": 580532558, "sample": 580532556, "startTime": "20240709T13:02:04", "data": {"value": 61}},
{"samples": 580532558, "sample": 580532557, "startTime": "20240709T13:02:05", "data": {"value": 60}},
{"samples": 580532559, "sample": 580532558, "startTime": "20240709T13:02:06", "data": {"value": 55}},
{"samples": 580532560, "sample": 580532559, "startTime": "20240709T13:02:07", "data": {"value": 51}},
{"samples": 580532561, "sample": 580532560, "startTime": "20240709T13:02:08", "data": {"value": 48}},
{"samples": 580532562, "sample": 580532561, "startTime": "20240709T13:02:09", "data": {"value": 40}},
{"samples": 580532563, "sample": 580532562, "startTime": "20240709T13:02:10", "data": {"value": 1}},
{"samples": 580532564, "sample": 580532563, "startTime": "20240709T13:02:11", "data": {"value": 5}},
{"samples": 580532565, "sample": 580532564, "startTime": "20240709T13:02:12", "data": {"value": 1}},
{"samples": 580532566, "sample": 580532565, "startTime": "20240709T13:02:13", "data": {"value": 1}},
{"samples": 580532567, "sample": 580532566, "startTime": "20240709T13:02:14", "data": {"value": 1}},
{"samples": 580532568, "sample": 580532567, "startTime": "20240709T13:02:15", "data": {"value": 8}}]}</ExampleContent>
      <IsSystem>0</IsSystem>
      <Encoding>UTF-8</Encoding>
      <Language>en_US</Language>
      <ParserFields>
         <ParserField>
            <FieldSeq>3</FieldSeq>
            <ParserName>ZFSTimeParser</ParserName>
            <StructuredColInfo>$.startTime</StructuredColInfo>
         </ParserField>
         <ParserField>
            <FieldSeq>5</FieldSeq>
            <FieldName>cpuusagepercent</FieldName>
            <StructuredColInfo>$.data.value</StructuredColInfo>
         </ParserField>
      </ParserFields>
      <WrittenOnce>0</WrittenOnce>
      <IsDefaultParser>1</IsDefaultParser>
   </Parser>
   <Parser oms_version="2.96.2.0.0" tokenize_orig_text="1" type="0">
      <Name>ZFSTimeParser</Name>
      <DisplayName>ZFSTimeParser</DisplayName>
      <Description>Time Entry parser for ZFS system log</Description>
      <ParserContent>([\d]{4})([\d]{2})([\d]{2})(\w)([\d]{2}):([\d]{2}):([\d]{2})</ParserContent>
      <IsSingleLineContent>1</IsSingleLineContent>
      <ExampleContent>20240623T23:04:30</ExampleContent>
      <IsSystem>0</IsSystem>
      <Encoding>UTF-8</Encoding>
      <Language>en_US</Language>
      <ParserFields>
         <ParserField>
            <FieldSeq>4</FieldSeq>
            <FieldName>flags</FieldName>
         </ParserField>
         <ParserField>
            <FieldSeq>3</FieldSeq>
            <FieldName>timeday</FieldName>
         </ParserField>
         <ParserField>
            <FieldSeq>5</FieldSeq>
            <FieldName>timehour24</FieldName>
         </ParserField>
         <ParserField>
            <FieldSeq>6</FieldSeq>
            <FieldName>timeminute</FieldName>
         </ParserField>
         <ParserField>
            <FieldSeq>2</FieldSeq>
            <FieldName>timemonthnum</FieldName>
         </ParserField>
         <ParserField>
            <FieldSeq>7</FieldSeq>
            <FieldName>timesecond</FieldName>
         </ParserField>
         <ParserField>
            <FieldSeq>1</FieldSeq>
            <FieldName>timeyearlong</FieldName>
         </ParserField>
      </ParserFields>
      <WrittenOnce>0</WrittenOnce>
      <IsDefaultParser>1</IsDefaultParser>
   </Parser>
   <Source configWarningSettings="0" name="ZFS_cpuutil_metric_source" oms_version="2.96.2.0.0">
      <SourceType>rest_api</SourceType>
      <TargetTypes>
         <TargetType>omc_host_linux</TargetType>
      </TargetTypes>
      <DisplayName>ZFS_cpuutil_metric_source</DisplayName>
      <Description>ZFS CPU Utilization</Description>
      <IsSystem>0</IsSystem>
      <IsSecureContent>1</IsSecureContent>
      <Endpoints>
         <LogEndpoint>
            <Name>ZFS-CPU-metric-endpoint</Name>
            <Request>
               <Method>GET</Method>
               <Url>https://instance-zfs.subnet07260921.vcn07260921.oraclevcn.com:215/api/analytics/v1/datasets/cpu.utilization/data?start=now&amp;seconds=10&amp;span=minute&amp;interval=minute</Url>
               <Headers>
                  <Header>
                     <Name>Content-Type</Name>
                     <Value>application/json</Value>
                  </Header>
               </Headers>
            </Request>
            <Credentials>
               <CredentialType>BASIC_AUTH</CredentialType>
               <CredentialName>ZFSRESTAPICRED</CredentialName>
            </Credentials>
            <IsSystem>0</IsSystem>
            <IsEnabled>1</IsEnabled>
         </LogEndpoint>
      </Endpoints>
      <Parsers>
         <Parser>
            <ParserSeq>1</ParserSeq>
            <ParserName>ZFS_cpuutil_metric_parser</ParserName>
         </Parser>
      </Parsers>
      <IsHidden>0</IsHidden>
      <IsSMAEnabled>0</IsSMAEnabled>
   </Source>
</LoganContent>
