<?xml version="1.0" encoding="UTF-8" standalone="no"?>
<LoganContent xmlns="http://www.oracle.com/DataCenter/LogAnalyticsStd" content_version="2.96.2.0.0" name="content_ocid1.tenancy.oc1..aaaaaexampleaaaaa" oms_version="2.96.2.0.0">
   <Tag>
      <Name>#zfs_system_log_error</Name>
      <DisplayName>ZFS System Log Error</DisplayName>
      <IsSystem>0</IsSystem>
      <ProblemPriority>HIGH</ProblemPriority>
      <Alias name="#zfs fatal error">
         <DisplayName>ZFS Fatal Error</DisplayName>
         <IsSystem>0</IsSystem>
      </Alias>
   </Tag>
   <Parser oms_version="2.96.2.0.0" tokenize_orig_text="1" type="6">
      <Name>ZFS_system_log_parser</Name>
      <DisplayName>ZFS_system_log_parser</DisplayName>
      <IsSingleLineContent>0</IsSingleLineContent>
      <HeaderContent>$.logs:2</HeaderContent>
      <ExampleContent>{"logs":[{"timestamp": "20240622T00:32:16", "module": "genunix", "priority": "notice", "text": "SunOS Release 5.11 Version 11.4.65.157.1 64-bit"},
{"timestamp": "20240622T00:32:16", "module": "genunix", "priority": "notice", "text": "Copyright (c) 1983, 2023, Oracle and/or its affiliates."},
{"timestamp": "20240622T00:32:16", "module": "unix", "priority": "notice", "text": "x86_feature: lgpg"},
{"timestamp": "20240622T00:32:16", "module": "unix", "priority": "notice", "text": "x86_feature: tsc"},
{"timestamp": "20240623T23:04:30", "module": "sshd[13370]", "priority": "error", "text": "error: Disabled method \"password\" in AuthenticationMethods list \"password\""},
{"timestamp": "20240623T23:04:30", "module": "sshd[13370]", "priority": "error", "text": "error: Disabled method \"keyboard-interactive\" in AuthenticationMethods list \"keyboard-interactive\" [preauth]"},
{"timestamp": "20240623T23:04:30", "module": "sshd[13370]", "priority": "error", "text": "error: Disabled method \"password\" in AuthenticationMethods list \"password\" [preauth]"},
{"timestamp": "20240623T23:04:41", "module": "sshd[13380]", "priority": "error", "text": "error: Disabled method \"keyboard-interactive\" in AuthenticationMethods list \"keyboard-interactive\""},
{"timestamp": "20240623T23:04:41", "module": "sshd[13380]", "priority": "error", "text": "error: Disabled method \"password\" in AuthenticationMethods list \"password\""},
{"timestamp": "20240623T23:04:41", "module": "sshd[13380]", "priority": "error", "text": "error: Disabled method \"keyboard-interactive\" in AuthenticationMethods list \"keyboard-interactive\" [preauth]"},
{"timestamp": "20240623T23:04:41", "module": "sshd[13380]", "priority": "error", "text": "error: Disabled method \"password\" in AuthenticationMethods list \"password\" [preauth]"}]}</ExampleContent>
      <IsSystem>0</IsSystem>
      <Encoding>UTF-8</Encoding>
      <Language>en_US</Language>
      <ParserFields>
         <ParserField>
            <FieldSeq>1</FieldSeq>
            <ParserName>ZFSTimeParser</ParserName>
            <StructuredColInfo>$.timestamp</StructuredColInfo>
         </ParserField>
         <ParserField>
            <FieldSeq>2</FieldSeq>
            <FieldName>mod</FieldName>
            <StructuredColInfo>$.module</StructuredColInfo>
         </ParserField>
         <ParserField>
            <FieldSeq>4</FieldSeq>
            <FieldName>msg</FieldName>
            <StructuredColInfo>$.text</StructuredColInfo>
         </ParserField>
         <ParserField>
            <FieldSeq>3</FieldSeq>
            <FieldName>pri</FieldName>
            <StructuredColInfo>$.priority</StructuredColInfo>
         </ParserField>
      </ParserFields>
      <WrittenOnce>0</WrittenOnce>
      <IsDefaultParser>1</IsDefaultParser>
   </Parser>
   <Parser oms_version="2.96.2.0.0" tokenize_orig_text="1" type="0">
      <Name>ZFSTimeParser</Name>
      <DisplayName>ZFSTimeParser</DisplayName>
      <Description>Time Entry parser for ZFS system log</Description>
      <ParserContent>([\d]{4})([\d]{2})([\d]{2})(\w)([\d]{2}):([\d]{2}):([\d]{2})</ParserContent>
      <IsSingleLineContent>1</IsSingleLineContent>
      <ExampleContent>20240623T23:04:30</ExampleContent>
      <IsSystem>0</IsSystem>
      <Encoding>UTF-8</Encoding>
      <Language>en_US</Language>
      <ParserFields>
         <ParserField>
            <FieldSeq>4</FieldSeq>
            <FieldName>flags</FieldName>
         </ParserField>
         <ParserField>
            <FieldSeq>3</FieldSeq>
            <FieldName>timeday</FieldName>
         </ParserField>
         <ParserField>
            <FieldSeq>5</FieldSeq>
            <FieldName>timehour24</FieldName>
         </ParserField>
         <ParserField>
            <FieldSeq>6</FieldSeq>
            <FieldName>timeminute</FieldName>
         </ParserField>
         <ParserField>
            <FieldSeq>2</FieldSeq>
            <FieldName>timemonthnum</FieldName>
         </ParserField>
         <ParserField>
            <FieldSeq>7</FieldSeq>
            <FieldName>timesecond</FieldName>
         </ParserField>
         <ParserField>
            <FieldSeq>1</FieldSeq>
            <FieldName>timeyearlong</FieldName>
         </ParserField>
      </ParserFields>
      <WrittenOnce>0</WrittenOnce>
      <IsDefaultParser>1</IsDefaultParser>
   </Parser>
   <Source configWarningSettings="0" name="ZFS_system_log_source" oms_version="2.96.2.0.0">
      <SourceType>rest_api</SourceType>
      <TargetTypes>
         <TargetType>omc_host_linux</TargetType>
      </TargetTypes>
      <DisplayName>ZFS_system_log_source</DisplayName>
      <IsSystem>0</IsSystem>
      <IsSecureContent>1</IsSecureContent>
      <Endpoints>
         <LogEndpoint>
            <Name>ZFS-System-Log-endpoint</Name>
            <Request>
               <Method>GET</Method>
               <Url>https://instance-zfs.subnet07260921.vcn07260921.oraclevcn.com:215/api/log/v1/logs/system?limit=1000</Url>
               <Headers>
                  <Header>
                     <Name>Content-Type</Name>
                     <Value>application/json</Value>
                  </Header>
               </Headers>
            </Request>
            <Credentials>
               <CredentialType>BASIC_AUTH</CredentialType>
               <CredentialName>ZFSRESTAPICRED</CredentialName>
            </Credentials>
            <IsSystem>0</IsSystem>
            <IsEnabled>1</IsEnabled>
         </LogEndpoint>
      </Endpoints>
      <Parsers>
         <Parser>
            <ParserSeq>1</ParserSeq>
            <ParserName>ZFS_system_log_parser</ParserName>
         </Parser>
      </Parsers>
      <TagConditions>
         <TagCondition alertRuleVisible="0">
            <ConditionTags tagField="mtag">
               <ConditionTag>#zfs_system_log_error</ConditionTag>
            </ConditionTags>
            <IsSystem>0</IsSystem>
            <IsEnabled>1</IsEnabled>
            <ConditionBlock>
               <ConditionBlocksOperator>AND</ConditionBlocksOperator>
               <ConditionBlocks>
                  <ConditionBlock>
                     <FieldName>pri</FieldName>
                     <Operator>CONTAINS</Operator>
                     <ConditionValues>
                        <ConditionValue>error</ConditionValue>
                     </ConditionValues>
                  </ConditionBlock>
                  <ConditionBlock>
                     <FieldName>msg</FieldName>
                     <Operator>CONTAINS_IGNORE_CASE</Operator>
                     <ConditionValues>
                        <ConditionValue>fatal</ConditionValue>
                        <ConditionValue>error</ConditionValue>
                     </ConditionValues>
                  </ConditionBlock>
               </ConditionBlocks>
            </ConditionBlock>
         </TagCondition>
      </TagConditions>
      <IsHidden>0</IsHidden>
      <IsSMAEnabled>0</IsSMAEnabled>
   </Source>
</LoganContent>
