<?xml version="1.0" encoding="UTF-8" standalone="no"?>
<LoganContent xmlns="http://www.oracle.com/DataCenter/LogAnalyticsStd" content_version="2.94.1.0.0" name="content_ocid1.tenancy.oc1..aaaaaaaa6djoii7i2kpa34pspgx6cepqc4ylxs5dz5xxwz3zoc3ddsbnsc2a_1725865148372" oms_version="2.94.1.0.0">
   <Parser oms_version="2.94.1.0.0" tokenize_orig_text="1" type="0">
      <Name>EM Cloud Control OMS Diagnostic Log Format</Name>
      <DisplayName>EM Cloud Control OMS Diagnostic Log Format</DisplayName>
      <Description>Standard log format for EMCC OMS Diagnostic logs</Description>
      <ParserContent>\[{TIMEDATE}\]\s+\[(.*?)\]\s+\[(.*?)\]\s+\[.*?\]\s+\[(.*?)\]\s+\[(.*?)\]\s+\[userId:(.*?)\]\s+\[ecid:(.*)\]\s+(.*)</ParserContent>
      <IsSingleLineContent>0</IsSingleLineContent>
      <HeaderContent>\[{TIMEDATE}\]\s+</HeaderContent>
      <ExampleContent>[2014-07-15T16:06:00.867-07:00] [EMGC_OMS1] [NOTIFICATION] [JPS-10628] [oracle.jps.policymgmt] [tid: [ACTIVE].ExecuteThread: '9' for queue: 'weblogic.kernel.Default (self-tuning)'] [userId: weblogic_mntr] [ecid: c8c2cbd783f53c1c:5aaba1f3:1473b4a91fe:-8000-0000000000000898,0] Retry getSystemPolicyEntry for the 1 times.</ExampleContent>
      <IsSystem>0</IsSystem>
      <Encoding>UTF-8</Encoding>
      <Language>en_US</Language>
      <ParserFields>
         <ParserField>
            <FieldSeq>6</FieldSeq>
            <FieldName>ecidid</FieldName>
         </ParserField>
         <ParserField>
            <FieldSeq>3</FieldSeq>
            <FieldName>mod</FieldName>
         </ParserField>
         <ParserField>
            <FieldSeq>7</FieldSeq>
            <FieldName>msg</FieldName>
         </ParserField>
         <ParserField>
            <FieldSeq>2</FieldSeq>
            <FieldName>sevlvl</FieldName>
         </ParserField>
         <ParserField>
            <FieldSeq>4</FieldSeq>
            <FieldName>thread</FieldName>
         </ParserField>
         <ParserField>
            <FieldSeq>5</FieldSeq>
            <FieldName>usrname</FieldName>
         </ParserField>
         <ParserField>
            <FieldSeq>1</FieldSeq>
            <FieldName>wlsserver</FieldName>
         </ParserField>
      </ParserFields>
      <WrittenOnce>0</WrittenOnce>
      <IsDefaultParser>1</IsDefaultParser>
      <InUse>1</InUse>
   </Parser>
   <Source configWarningSettings="0" name="EM Cloud Control OMS Diagnostics Logs" oms_version="2.94.1.0.0">
      <SourceType>os_file</SourceType>
      <TargetTypes>
         <TargetType>omc_host_linux</TargetType>
      </TargetTypes>
      <DisplayName>EM Cloud Control OMS Diagnostics Logs</DisplayName>
      <Description>EM Cloud Control Management Server (OMS) Diagnostics logs</Description>
      <IsSystem>0</IsSystem>
      <IsSecureContent>1</IsSecureContent>
      <Patterns>
         <Pattern>
            <Value>{InstanceHome}/../../user_projects/domains/*/servers/EMGC_OMS*/logs/EMGC_*-diagnostic.log</Value>
            <IsInclude>1</IsInclude>
            <InUse>1</InUse>
            <IsSystem>0</IsSystem>
            <IsEnabled>1</IsEnabled>
         </Pattern>
      </Patterns>
      <Parsers>
         <Parser>
            <ParserSeq>1</ParserSeq>
            <ParserName>EM Cloud Control OMS Diagnostic Log Format</ParserName>
         </Parser>
      </Parsers>
      <IsHidden>0</IsHidden>
      <IsSMAEnabled>0</IsSMAEnabled>
   </Source>
</LoganContent>
