<?xml version="1.0" encoding="UTF-8" standalone="no"?>
<LoganContent xmlns="http://www.oracle.com/DataCenter/LogAnalyticsStd" content_version="3.103.1.0.0" name="content_ocid1.tenancy.oc1..aaaaaaaa53uu2d7z77v44jhvjsinojzsxjroeutt3ty5wqhp46izfg4o7pda_1745244402388" oms_version="3.103.1.0.0">
   <Field oms_version="3.103.1.0.0">
      <DisplayName>dmsRID</DisplayName>
      <FieldType>1</FieldType>
      <IsSystem>0</IsSystem>
      <IsPrimary>1</IsPrimary>
      <DataType>STRING</DataType>
      <IsMetricKeyEligible>0</IsMetricKeyEligible>
      <IsMetricValueEligible>0</IsMetricValueEligible>
      <FacetEligible>1</FacetEligible>
      <RangeFacetEligible>0</RangeFacetEligible>
      <TableEligible>1</TableEligible>
      <FacetPriority>1</FacetPriority>
      <Summarizable>1</Summarizable>
      <HighCardinality>1</HighCardinality>
      <LargeData>0</LargeData>
      <MultiValued>0</MultiValued>
      <SMAEnabledSetting>0</SMAEnabledSetting>
   </Field>
   <Field oms_version="3.103.1.0.0">
      <DisplayName>Product Family Name</DisplayName>
      <Description>FA Product Family Name</Description>
      <FieldType>1</FieldType>
      <IsSystem>0</IsSystem>
      <IsPrimary>1</IsPrimary>
      <DataType>STRING</DataType>
      <IsMetricKeyEligible>0</IsMetricKeyEligible>
      <IsMetricValueEligible>0</IsMetricValueEligible>
      <FacetEligible>1</FacetEligible>
      <RangeFacetEligible>0</RangeFacetEligible>
      <TableEligible>1</TableEligible>
      <FacetPriority>1</FacetPriority>
      <Summarizable>1</Summarizable>
      <HighCardinality>1</HighCardinality>
      <LargeData>0</LargeData>
      <MultiValued>0</MultiValued>
      <SMAEnabledSetting>0</SMAEnabledSetting>
   </Field>
   <Field oms_version="3.103.1.0.0">
      <DisplayName>Product Family Code</DisplayName>
      <Description>FA Product Family Code</Description>
      <FieldType>1</FieldType>
      <IsSystem>0</IsSystem>
      <IsPrimary>1</IsPrimary>
      <DataType>STRING</DataType>
      <IsMetricKeyEligible>0</IsMetricKeyEligible>
      <IsMetricValueEligible>0</IsMetricValueEligible>
      <FacetEligible>1</FacetEligible>
      <RangeFacetEligible>0</RangeFacetEligible>
      <TableEligible>1</TableEligible>
      <FacetPriority>1</FacetPriority>
      <Summarizable>1</Summarizable>
      <HighCardinality>1</HighCardinality>
      <LargeData>0</LargeData>
      <MultiValued>0</MultiValued>
      <SMAEnabledSetting>0</SMAEnabledSetting>
   </Field>
   <Field oms_version="3.103.1.0.0">
      <DisplayName>Product Name</DisplayName>
      <Description>FA Product Name</Description>
      <FieldType>1</FieldType>
      <IsSystem>0</IsSystem>
      <IsPrimary>1</IsPrimary>
      <DataType>STRING</DataType>
      <IsMetricKeyEligible>0</IsMetricKeyEligible>
      <IsMetricValueEligible>0</IsMetricValueEligible>
      <FacetEligible>1</FacetEligible>
      <RangeFacetEligible>0</RangeFacetEligible>
      <TableEligible>1</TableEligible>
      <FacetPriority>1</FacetPriority>
      <Summarizable>1</Summarizable>
      <HighCardinality>1</HighCardinality>
      <LargeData>0</LargeData>
      <MultiValued>0</MultiValued>
      <SMAEnabledSetting>0</SMAEnabledSetting>
   </Field>
   <Field oms_version="3.103.1.0.0">
      <DisplayName>Cause Description</DisplayName>
      <FieldType>1</FieldType>
      <IsSystem>0</IsSystem>
      <IsPrimary>1</IsPrimary>
      <DataType>STRING</DataType>
      <IsMetricKeyEligible>0</IsMetricKeyEligible>
      <IsMetricValueEligible>0</IsMetricValueEligible>
      <FacetEligible>1</FacetEligible>
      <RangeFacetEligible>0</RangeFacetEligible>
      <TableEligible>1</TableEligible>
      <FacetPriority>1</FacetPriority>
      <Summarizable>1</Summarizable>
      <HighCardinality>1</HighCardinality>
      <LargeData>0</LargeData>
      <MultiValued>0</MultiValued>
      <SMAEnabledSetting>0</SMAEnabledSetting>
   </Field>
   <Field oms_version="3.103.1.0.0">
      <DisplayName>Deployed Application Name</DisplayName>
      <Description>Fusion Apps ESS Fields</Description>
      <FieldType>1</FieldType>
      <IsSystem>0</IsSystem>
      <IsPrimary>1</IsPrimary>
      <DataType>STRING</DataType>
      <IsMetricKeyEligible>0</IsMetricKeyEligible>
      <IsMetricValueEligible>0</IsMetricValueEligible>
      <FacetEligible>1</FacetEligible>
      <RangeFacetEligible>0</RangeFacetEligible>
      <TableEligible>1</TableEligible>
      <FacetPriority>1</FacetPriority>
      <Summarizable>1</Summarizable>
      <HighCardinality>1</HighCardinality>
      <LargeData>0</LargeData>
      <MultiValued>0</MultiValued>
      <SMAEnabledSetting>0</SMAEnabledSetting>
   </Field>
   <Field oms_version="3.103.1.0.0">
      <DisplayName>ESS Schedule Name</DisplayName>
      <FieldType>1</FieldType>
      <IsSystem>0</IsSystem>
      <IsPrimary>1</IsPrimary>
      <DataType>STRING</DataType>
      <IsMetricKeyEligible>0</IsMetricKeyEligible>
      <IsMetricValueEligible>0</IsMetricValueEligible>
      <FacetEligible>1</FacetEligible>
      <RangeFacetEligible>0</RangeFacetEligible>
      <TableEligible>1</TableEligible>
      <FacetPriority>1</FacetPriority>
      <Summarizable>1</Summarizable>
      <HighCardinality>1</HighCardinality>
      <LargeData>0</LargeData>
      <MultiValued>0</MultiValued>
      <SMAEnabledSetting>0</SMAEnabledSetting>
   </Field>
   <Field oms_version="3.103.1.0.0">
      <DisplayName>Enterprise ID</DisplayName>
      <FieldType>1</FieldType>
      <IsSystem>0</IsSystem>
      <IsPrimary>1</IsPrimary>
      <DataType>STRING</DataType>
      <IsMetricKeyEligible>0</IsMetricKeyEligible>
      <IsMetricValueEligible>0</IsMetricValueEligible>
      <FacetEligible>1</FacetEligible>
      <RangeFacetEligible>0</RangeFacetEligible>
      <TableEligible>1</TableEligible>
      <FacetPriority>1</FacetPriority>
      <Summarizable>1</Summarizable>
      <HighCardinality>1</HighCardinality>
      <LargeData>0</LargeData>
      <MultiValued>0</MultiValued>
      <SMAEnabledSetting>0</SMAEnabledSetting>
   </Field>
   <Field oms_version="3.103.1.0.0">
      <DisplayName>Execution Mode</DisplayName>
      <FieldType>1</FieldType>
      <IsSystem>0</IsSystem>
      <IsPrimary>1</IsPrimary>
      <DataType>STRING</DataType>
      <IsMetricKeyEligible>0</IsMetricKeyEligible>
      <IsMetricValueEligible>0</IsMetricValueEligible>
      <FacetEligible>1</FacetEligible>
      <RangeFacetEligible>0</RangeFacetEligible>
      <TableEligible>1</TableEligible>
      <FacetPriority>1</FacetPriority>
      <Summarizable>1</Summarizable>
      <HighCardinality>1</HighCardinality>
      <LargeData>0</LargeData>
      <MultiValued>0</MultiValued>
      <SMAEnabledSetting>0</SMAEnabledSetting>
   </Field>
   <Field oms_version="3.103.1.0.0">
      <DisplayName>Execution Type</DisplayName>
      <FieldType>1</FieldType>
      <IsSystem>0</IsSystem>
      <IsPrimary>1</IsPrimary>
      <DataType>STRING</DataType>
      <IsMetricKeyEligible>0</IsMetricKeyEligible>
      <IsMetricValueEligible>0</IsMetricValueEligible>
      <FacetEligible>1</FacetEligible>
      <RangeFacetEligible>0</RangeFacetEligible>
      <TableEligible>1</TableEligible>
      <FacetPriority>1</FacetPriority>
      <Summarizable>1</Summarizable>
      <HighCardinality>1</HighCardinality>
      <LargeData>0</LargeData>
      <MultiValued>0</MultiValued>
      <SMAEnabledSetting>0</SMAEnabledSetting>
   </Field>
   <Field oms_version="3.103.1.0.0">
      <DisplayName>ElapsedTime</DisplayName>
      <FieldType>1</FieldType>
      <IsSystem>0</IsSystem>
      <IsPrimary>1</IsPrimary>
      <DataType>FLOAT</DataType>
      <IsMetricKeyEligible>0</IsMetricKeyEligible>
      <IsMetricValueEligible>0</IsMetricValueEligible>
      <FacetEligible>1</FacetEligible>
      <RangeFacetEligible>0</RangeFacetEligible>
      <TableEligible>1</TableEligible>
      <FacetPriority>1</FacetPriority>
      <Summarizable>1</Summarizable>
      <HighCardinality>1</HighCardinality>
      <LargeData>0</LargeData>
      <MultiValued>0</MultiValued>
      <SMAEnabledSetting>0</SMAEnabledSetting>
   </Field>
   <Field oms_version="3.103.1.0.0">
      <DisplayName>Product</DisplayName>
      <Description>Name/Identifier of the product</Description>
      <FieldType>1</FieldType>
      <IsSystem>0</IsSystem>
      <IsPrimary>1</IsPrimary>
      <DataType>STRING</DataType>
      <IsMetricKeyEligible>0</IsMetricKeyEligible>
      <IsMetricValueEligible>0</IsMetricValueEligible>
      <FacetEligible>1</FacetEligible>
      <RangeFacetEligible>0</RangeFacetEligible>
      <TableEligible>1</TableEligible>
      <FacetPriority>1</FacetPriority>
      <Summarizable>1</Summarizable>
      <HighCardinality>1</HighCardinality>
      <LargeData>0</LargeData>
      <MultiValued>0</MultiValued>
      <SMAEnabledSetting>0</SMAEnabledSetting>
   </Field>
   <Field oms_version="3.103.1.0.0">
      <DisplayName>Submitter DmsECID</DisplayName>
      <Description>Fusion Apps ESS Fields</Description>
      <FieldType>1</FieldType>
      <IsSystem>0</IsSystem>
      <IsPrimary>1</IsPrimary>
      <DataType>STRING</DataType>
      <IsMetricKeyEligible>0</IsMetricKeyEligible>
      <IsMetricValueEligible>0</IsMetricValueEligible>
      <FacetEligible>1</FacetEligible>
      <RangeFacetEligible>0</RangeFacetEligible>
      <TableEligible>1</TableEligible>
      <FacetPriority>1</FacetPriority>
      <Summarizable>1</Summarizable>
      <HighCardinality>1</HighCardinality>
      <LargeData>0</LargeData>
      <MultiValued>0</MultiValued>
      <SMAEnabledSetting>0</SMAEnabledSetting>
   </Field>
   <Field oms_version="3.103.1.0.0">
      <DisplayName>Submitter GUID</DisplayName>
      <Description>Fusion Apps ESS Fields</Description>
      <FieldType>1</FieldType>
      <IsSystem>0</IsSystem>
      <IsPrimary>1</IsPrimary>
      <DataType>STRING</DataType>
      <IsMetricKeyEligible>0</IsMetricKeyEligible>
      <IsMetricValueEligible>0</IsMetricValueEligible>
      <FacetEligible>1</FacetEligible>
      <RangeFacetEligible>0</RangeFacetEligible>
      <TableEligible>1</TableEligible>
      <FacetPriority>1</FacetPriority>
      <Summarizable>1</Summarizable>
      <HighCardinality>1</HighCardinality>
      <LargeData>0</LargeData>
      <MultiValued>0</MultiValued>
      <SMAEnabledSetting>0</SMAEnabledSetting>
   </Field>
   <Field oms_version="3.103.1.0.0">
      <DisplayName>Request Type</DisplayName>
      <Description>Fusion Apps ESS Fields</Description>
      <FieldType>1</FieldType>
      <IsSystem>0</IsSystem>
      <IsPrimary>1</IsPrimary>
      <DataType>STRING</DataType>
      <IsMetricKeyEligible>0</IsMetricKeyEligible>
      <IsMetricValueEligible>0</IsMetricValueEligible>
      <FacetEligible>1</FacetEligible>
      <RangeFacetEligible>0</RangeFacetEligible>
      <TableEligible>1</TableEligible>
      <FacetPriority>1</FacetPriority>
      <Summarizable>1</Summarizable>
      <HighCardinality>1</HighCardinality>
      <LargeData>0</LargeData>
      <MultiValued>0</MultiValued>
      <SMAEnabledSetting>0</SMAEnabledSetting>
   </Field>
   <Field oms_version="3.103.1.0.0">
      <DisplayName>Retried Count</DisplayName>
      <Description>Fusion Apps ESS Requests Fields</Description>
      <FieldType>1</FieldType>
      <IsSystem>0</IsSystem>
      <IsPrimary>1</IsPrimary>
      <DataType>LONG</DataType>
      <IsMetricKeyEligible>0</IsMetricKeyEligible>
      <IsMetricValueEligible>0</IsMetricValueEligible>
      <FacetEligible>1</FacetEligible>
      <RangeFacetEligible>0</RangeFacetEligible>
      <TableEligible>1</TableEligible>
      <FacetPriority>1</FacetPriority>
      <Summarizable>1</Summarizable>
      <HighCardinality>1</HighCardinality>
      <LargeData>0</LargeData>
      <MultiValued>0</MultiValued>
      <SMAEnabledSetting>0</SMAEnabledSetting>
   </Field>
   <Field oms_version="3.103.1.0.0">
      <DisplayName>Run As User</DisplayName>
      <Description>Fusion Apps ESS Fields</Description>
      <FieldType>1</FieldType>
      <IsSystem>0</IsSystem>
      <IsPrimary>1</IsPrimary>
      <DataType>STRING</DataType>
      <IsMetricKeyEligible>0</IsMetricKeyEligible>
      <IsMetricValueEligible>0</IsMetricValueEligible>
      <FacetEligible>1</FacetEligible>
      <RangeFacetEligible>0</RangeFacetEligible>
      <TableEligible>1</TableEligible>
      <FacetPriority>1</FacetPriority>
      <Summarizable>1</Summarizable>
      <HighCardinality>1</HighCardinality>
      <LargeData>0</LargeData>
      <MultiValued>0</MultiValued>
      <SMAEnabledSetting>0</SMAEnabledSetting>
   </Field>
   <Field oms_version="3.103.1.0.0">
      <DisplayName>Sub Request Set</DisplayName>
      <Description>Fusion Apps ESS Requests Fields</Description>
      <FieldType>1</FieldType>
      <IsSystem>0</IsSystem>
      <IsPrimary>1</IsPrimary>
      <DataType>LONG</DataType>
      <IsMetricKeyEligible>0</IsMetricKeyEligible>
      <IsMetricValueEligible>0</IsMetricValueEligible>
      <FacetEligible>1</FacetEligible>
      <RangeFacetEligible>0</RangeFacetEligible>
      <TableEligible>1</TableEligible>
      <FacetPriority>1</FacetPriority>
      <Summarizable>1</Summarizable>
      <HighCardinality>1</HighCardinality>
      <LargeData>0</LargeData>
      <MultiValued>0</MultiValued>
      <SMAEnabledSetting>0</SMAEnabledSetting>
   </Field>
   <Field oms_version="3.103.1.0.0">
      <DisplayName>Schedule Description</DisplayName>
      <FieldType>1</FieldType>
      <IsSystem>0</IsSystem>
      <IsPrimary>1</IsPrimary>
      <DataType>STRING</DataType>
      <IsMetricKeyEligible>0</IsMetricKeyEligible>
      <IsMetricValueEligible>0</IsMetricValueEligible>
      <FacetEligible>1</FacetEligible>
      <RangeFacetEligible>0</RangeFacetEligible>
      <TableEligible>1</TableEligible>
      <FacetPriority>1</FacetPriority>
      <Summarizable>1</Summarizable>
      <HighCardinality>1</HighCardinality>
      <LargeData>0</LargeData>
      <MultiValued>0</MultiValued>
      <SMAEnabledSetting>0</SMAEnabledSetting>
   </Field>
   <Field oms_version="3.103.1.0.0">
      <DisplayName>Schedule Display Name</DisplayName>
      <FieldType>1</FieldType>
      <IsSystem>0</IsSystem>
      <IsPrimary>1</IsPrimary>
      <DataType>STRING</DataType>
      <IsMetricKeyEligible>0</IsMetricKeyEligible>
      <IsMetricValueEligible>0</IsMetricValueEligible>
      <FacetEligible>1</FacetEligible>
      <RangeFacetEligible>0</RangeFacetEligible>
      <TableEligible>1</TableEligible>
      <FacetPriority>1</FacetPriority>
      <Summarizable>1</Summarizable>
      <HighCardinality>1</HighCardinality>
      <LargeData>0</LargeData>
      <MultiValued>0</MultiValued>
      <SMAEnabledSetting>0</SMAEnabledSetting>
   </Field>
   <Field oms_version="3.103.1.0.0">
      <DisplayName>State</DisplayName>
      <Description>State</Description>
      <FieldType>1</FieldType>
      <IsSystem>0</IsSystem>
      <IsPrimary>1</IsPrimary>
      <DataType>STRING</DataType>
      <IsMetricKeyEligible>0</IsMetricKeyEligible>
      <IsMetricValueEligible>0</IsMetricValueEligible>
      <FacetEligible>1</FacetEligible>
      <RangeFacetEligible>0</RangeFacetEligible>
      <TableEligible>1</TableEligible>
      <FacetPriority>1</FacetPriority>
      <Summarizable>1</Summarizable>
      <HighCardinality>1</HighCardinality>
      <LargeData>0</LargeData>
      <MultiValued>0</MultiValued>
      <SMAEnabledSetting>0</SMAEnabledSetting>
   </Field>
   <Field oms_version="3.103.1.0.0">
      <DisplayName>State Description</DisplayName>
      <Description>Fusion Apps ESS Fields</Description>
      <FieldType>1</FieldType>
      <IsSystem>0</IsSystem>
      <IsPrimary>1</IsPrimary>
      <DataType>STRING</DataType>
      <IsMetricKeyEligible>0</IsMetricKeyEligible>
      <IsMetricValueEligible>0</IsMetricValueEligible>
      <FacetEligible>1</FacetEligible>
      <RangeFacetEligible>0</RangeFacetEligible>
      <TableEligible>1</TableEligible>
      <FacetPriority>1</FacetPriority>
      <Summarizable>1</Summarizable>
      <HighCardinality>1</HighCardinality>
      <LargeData>0</LargeData>
      <MultiValued>0</MultiValued>
      <SMAEnabledSetting>0</SMAEnabledSetting>
   </Field>
   <Field oms_version="3.103.1.0.0">
      <DisplayName>Step Id</DisplayName>
      <Description>Fusion Apps ESS Fields</Description>
      <FieldType>1</FieldType>
      <IsSystem>0</IsSystem>
      <IsPrimary>1</IsPrimary>
      <DataType>STRING</DataType>
      <IsMetricKeyEligible>0</IsMetricKeyEligible>
      <IsMetricValueEligible>0</IsMetricValueEligible>
      <FacetEligible>1</FacetEligible>
      <RangeFacetEligible>0</RangeFacetEligible>
      <TableEligible>1</TableEligible>
      <FacetPriority>1</FacetPriority>
      <Summarizable>1</Summarizable>
      <HighCardinality>1</HighCardinality>
      <LargeData>0</LargeData>
      <MultiValued>0</MultiValued>
      <SMAEnabledSetting>0</SMAEnabledSetting>
   </Field>
   <Field oms_version="3.103.1.0.0">
      <DisplayName>Submitter</DisplayName>
      <Description>Fusion Apps ESS Fields</Description>
      <FieldType>1</FieldType>
      <IsSystem>0</IsSystem>
      <IsPrimary>1</IsPrimary>
      <DataType>STRING</DataType>
      <IsMetricKeyEligible>0</IsMetricKeyEligible>
      <IsMetricValueEligible>0</IsMetricValueEligible>
      <FacetEligible>1</FacetEligible>
      <RangeFacetEligible>0</RangeFacetEligible>
      <TableEligible>1</TableEligible>
      <FacetPriority>1</FacetPriority>
      <Summarizable>1</Summarizable>
      <HighCardinality>1</HighCardinality>
      <LargeData>0</LargeData>
      <MultiValued>0</MultiValued>
      <SMAEnabledSetting>0</SMAEnabledSetting>
   </Field>
   <Field oms_version="3.103.1.0.0">
      <DisplayName>Submitter Dms RID</DisplayName>
      <Description>Fusion Apps ESS Fields</Description>
      <FieldType>1</FieldType>
      <IsSystem>0</IsSystem>
      <IsPrimary>1</IsPrimary>
      <DataType>STRING</DataType>
      <IsMetricKeyEligible>0</IsMetricKeyEligible>
      <IsMetricValueEligible>0</IsMetricValueEligible>
      <FacetEligible>1</FacetEligible>
      <RangeFacetEligible>0</RangeFacetEligible>
      <TableEligible>1</TableEligible>
      <FacetPriority>1</FacetPriority>
      <Summarizable>1</Summarizable>
      <HighCardinality>1</HighCardinality>
      <LargeData>0</LargeData>
      <MultiValued>0</MultiValued>
      <SMAEnabledSetting>0</SMAEnabledSetting>
   </Field>
   <Field oms_version="3.103.1.0.0">
      <DisplayName>Last Sub Request Set</DisplayName>
      <Description>Fusion Apps ESS Requests Fields</Description>
      <FieldType>1</FieldType>
      <IsSystem>0</IsSystem>
      <IsPrimary>1</IsPrimary>
      <DataType>LONG</DataType>
      <IsMetricKeyEligible>0</IsMetricKeyEligible>
      <IsMetricValueEligible>0</IsMetricValueEligible>
      <FacetEligible>1</FacetEligible>
      <RangeFacetEligible>0</RangeFacetEligible>
      <TableEligible>1</TableEligible>
      <FacetPriority>1</FacetPriority>
      <Summarizable>1</Summarizable>
      <HighCardinality>1</HighCardinality>
      <LargeData>0</LargeData>
      <MultiValued>0</MultiValued>
      <SMAEnabledSetting>0</SMAEnabledSetting>
   </Field>
   <Field oms_version="3.103.1.0.0">
      <DisplayName>Parent Exec Attempt</DisplayName>
      <Description>Fusion Apps ESS Requests Fields</Description>
      <FieldType>1</FieldType>
      <IsSystem>0</IsSystem>
      <IsPrimary>1</IsPrimary>
      <DataType>LONG</DataType>
      <IsMetricKeyEligible>0</IsMetricKeyEligible>
      <IsMetricValueEligible>0</IsMetricValueEligible>
      <FacetEligible>1</FacetEligible>
      <RangeFacetEligible>0</RangeFacetEligible>
      <TableEligible>1</TableEligible>
      <FacetPriority>1</FacetPriority>
      <Summarizable>1</Summarizable>
      <HighCardinality>1</HighCardinality>
      <LargeData>0</LargeData>
      <MultiValued>0</MultiValued>
      <SMAEnabledSetting>0</SMAEnabledSetting>
   </Field>
   <Field oms_version="3.103.1.0.0">
      <DisplayName>Paused Count</DisplayName>
      <Description>Fusion Apps ESS Requests Fields</Description>
      <FieldType>1</FieldType>
      <IsSystem>0</IsSystem>
      <IsPrimary>1</IsPrimary>
      <DataType>LONG</DataType>
      <IsMetricKeyEligible>0</IsMetricKeyEligible>
      <IsMetricValueEligible>0</IsMetricValueEligible>
      <FacetEligible>1</FacetEligible>
      <RangeFacetEligible>0</RangeFacetEligible>
      <TableEligible>1</TableEligible>
      <FacetPriority>1</FacetPriority>
      <Summarizable>1</Summarizable>
      <HighCardinality>1</HighCardinality>
      <LargeData>0</LargeData>
      <MultiValued>0</MultiValued>
      <SMAEnabledSetting>0</SMAEnabledSetting>
   </Field>
   <Field oms_version="3.103.1.0.0">
      <DisplayName>Recurrences</DisplayName>
      <FieldType>1</FieldType>
      <IsSystem>0</IsSystem>
      <IsPrimary>1</IsPrimary>
      <DataType>LONG</DataType>
      <IsMetricKeyEligible>0</IsMetricKeyEligible>
      <IsMetricValueEligible>0</IsMetricValueEligible>
      <FacetEligible>1</FacetEligible>
      <RangeFacetEligible>0</RangeFacetEligible>
      <TableEligible>1</TableEligible>
      <FacetPriority>1</FacetPriority>
      <Summarizable>1</Summarizable>
      <HighCardinality>1</HighCardinality>
      <LargeData>0</LargeData>
      <MultiValued>0</MultiValued>
      <SMAEnabledSetting>0</SMAEnabledSetting>
   </Field>
   <Field oms_version="3.103.1.0.0">
      <DisplayName>Scheduled Time</DisplayName>
      <FieldType>1</FieldType>
      <IsSystem>0</IsSystem>
      <IsPrimary>1</IsPrimary>
      <DataType>TIMESTAMP</DataType>
      <IsMetricKeyEligible>0</IsMetricKeyEligible>
      <IsMetricValueEligible>0</IsMetricValueEligible>
      <FacetEligible>1</FacetEligible>
      <RangeFacetEligible>0</RangeFacetEligible>
      <TableEligible>1</TableEligible>
      <FacetPriority>1</FacetPriority>
      <Summarizable>1</Summarizable>
      <HighCardinality>1</HighCardinality>
      <LargeData>0</LargeData>
      <MultiValued>0</MultiValued>
      <SMAEnabledSetting>0</SMAEnabledSetting>
   </Field>
   <Field oms_version="3.103.1.0.0">
      <DisplayName>StateChange Time</DisplayName>
      <FieldType>1</FieldType>
      <IsSystem>0</IsSystem>
      <IsPrimary>1</IsPrimary>
      <DataType>TIMESTAMP</DataType>
      <IsMetricKeyEligible>0</IsMetricKeyEligible>
      <IsMetricValueEligible>0</IsMetricValueEligible>
      <FacetEligible>1</FacetEligible>
      <RangeFacetEligible>0</RangeFacetEligible>
      <TableEligible>1</TableEligible>
      <FacetPriority>1</FacetPriority>
      <Summarizable>1</Summarizable>
      <HighCardinality>1</HighCardinality>
      <LargeData>0</LargeData>
      <MultiValued>0</MultiValued>
      <SMAEnabledSetting>0</SMAEnabledSetting>
   </Field>
   <Field oms_version="3.103.1.0.0">
      <DisplayName>Request Parameters</DisplayName>
      <Description>Fusion Apps ESS Fields</Description>
      <FieldType>1</FieldType>
      <IsSystem>0</IsSystem>
      <IsPrimary>1</IsPrimary>
      <DataType>STRING</DataType>
      <IsMetricKeyEligible>0</IsMetricKeyEligible>
      <IsMetricValueEligible>0</IsMetricValueEligible>
      <FacetEligible>1</FacetEligible>
      <RangeFacetEligible>0</RangeFacetEligible>
      <TableEligible>1</TableEligible>
      <FacetPriority>1</FacetPriority>
      <Summarizable>1</Summarizable>
      <HighCardinality>1</HighCardinality>
      <LargeData>0</LargeData>
      <MultiValued>0</MultiValued>
      <SMAEnabledSetting>0</SMAEnabledSetting>
   </Field>
   <Field oms_version="3.103.1.0.0">
      <DisplayName>Job Type</DisplayName>
      <Description>Fusion Apps ESS Fields</Description>
      <FieldType>1</FieldType>
      <IsSystem>0</IsSystem>
      <IsPrimary>1</IsPrimary>
      <DataType>STRING</DataType>
      <IsMetricKeyEligible>0</IsMetricKeyEligible>
      <IsMetricValueEligible>0</IsMetricValueEligible>
      <FacetEligible>1</FacetEligible>
      <RangeFacetEligible>0</RangeFacetEligible>
      <TableEligible>1</TableEligible>
      <FacetPriority>1</FacetPriority>
      <Summarizable>1</Summarizable>
      <HighCardinality>1</HighCardinality>
      <LargeData>0</LargeData>
      <MultiValued>0</MultiValued>
      <SMAEnabledSetting>0</SMAEnabledSetting>
   </Field>
   <Field oms_version="3.103.1.0.0">
      <DisplayName>Last Schedule Instance Id</DisplayName>
      <Description>Fusion Apps ESS Fields</Description>
      <FieldType>1</FieldType>
      <IsSystem>0</IsSystem>
      <IsPrimary>1</IsPrimary>
      <DataType>STRING</DataType>
      <IsMetricKeyEligible>0</IsMetricKeyEligible>
      <IsMetricValueEligible>0</IsMetricValueEligible>
      <FacetEligible>1</FacetEligible>
      <RangeFacetEligible>0</RangeFacetEligible>
      <TableEligible>1</TableEligible>
      <FacetPriority>1</FacetPriority>
      <Summarizable>1</Summarizable>
      <HighCardinality>1</HighCardinality>
      <LargeData>0</LargeData>
      <MultiValued>0</MultiValued>
      <SMAEnabledSetting>0</SMAEnabledSetting>
   </Field>
   <Field oms_version="3.103.1.0.0">
      <DisplayName>Links</DisplayName>
      <Description>Fusion Apps ESS Fields</Description>
      <FieldType>1</FieldType>
      <IsSystem>0</IsSystem>
      <IsPrimary>1</IsPrimary>
      <DataType>STRING</DataType>
      <IsMetricKeyEligible>0</IsMetricKeyEligible>
      <IsMetricValueEligible>0</IsMetricValueEligible>
      <FacetEligible>1</FacetEligible>
      <RangeFacetEligible>0</RangeFacetEligible>
      <TableEligible>1</TableEligible>
      <FacetPriority>1</FacetPriority>
      <Summarizable>1</Summarizable>
      <HighCardinality>1</HighCardinality>
      <LargeData>0</LargeData>
      <MultiValued>0</MultiValued>
      <SMAEnabledSetting>0</SMAEnabledSetting>
   </Field>
   <Field oms_version="3.103.1.0.0">
      <DisplayName>Process Group</DisplayName>
      <Description>Fusion Apps ESS Fields</Description>
      <FieldType>1</FieldType>
      <IsSystem>0</IsSystem>
      <IsPrimary>1</IsPrimary>
      <DataType>STRING</DataType>
      <IsMetricKeyEligible>0</IsMetricKeyEligible>
      <IsMetricValueEligible>0</IsMetricValueEligible>
      <FacetEligible>1</FacetEligible>
      <RangeFacetEligible>0</RangeFacetEligible>
      <TableEligible>1</TableEligible>
      <FacetPriority>1</FacetPriority>
      <Summarizable>1</Summarizable>
      <HighCardinality>1</HighCardinality>
      <LargeData>0</LargeData>
      <MultiValued>0</MultiValued>
      <SMAEnabledSetting>0</SMAEnabledSetting>
   </Field>
   <Field oms_version="3.103.1.0.0">
      <DisplayName>Process Phase</DisplayName>
      <Description>Fusion Apps ESS Fields</Description>
      <FieldType>1</FieldType>
      <IsSystem>0</IsSystem>
      <IsPrimary>1</IsPrimary>
      <DataType>STRING</DataType>
      <IsMetricKeyEligible>0</IsMetricKeyEligible>
      <IsMetricValueEligible>0</IsMetricValueEligible>
      <FacetEligible>1</FacetEligible>
      <RangeFacetEligible>0</RangeFacetEligible>
      <TableEligible>1</TableEligible>
      <FacetPriority>1</FacetPriority>
      <Summarizable>1</Summarizable>
      <HighCardinality>1</HighCardinality>
      <LargeData>0</LargeData>
      <MultiValued>0</MultiValued>
      <SMAEnabledSetting>0</SMAEnabledSetting>
   </Field>
   <Field oms_version="3.103.1.0.0">
      <DisplayName>Process Phase Description</DisplayName>
      <Description>Fusion Apps ESS Fields</Description>
      <FieldType>1</FieldType>
      <IsSystem>0</IsSystem>
      <IsPrimary>1</IsPrimary>
      <DataType>STRING</DataType>
      <IsMetricKeyEligible>0</IsMetricKeyEligible>
      <IsMetricValueEligible>0</IsMetricValueEligible>
      <FacetEligible>1</FacetEligible>
      <RangeFacetEligible>0</RangeFacetEligible>
      <TableEligible>1</TableEligible>
      <FacetPriority>1</FacetPriority>
      <Summarizable>1</Summarizable>
      <HighCardinality>1</HighCardinality>
      <LargeData>0</LargeData>
      <MultiValued>0</MultiValued>
      <SMAEnabledSetting>0</SMAEnabledSetting>
   </Field>
   <Field oms_version="3.103.1.0.0">
      <DisplayName>Request Mode</DisplayName>
      <Description>Fusion Apps ESS Fields</Description>
      <FieldType>1</FieldType>
      <IsSystem>0</IsSystem>
      <IsPrimary>1</IsPrimary>
      <DataType>STRING</DataType>
      <IsMetricKeyEligible>0</IsMetricKeyEligible>
      <IsMetricValueEligible>0</IsMetricValueEligible>
      <FacetEligible>1</FacetEligible>
      <RangeFacetEligible>0</RangeFacetEligible>
      <TableEligible>1</TableEligible>
      <FacetPriority>1</FacetPriority>
      <Summarizable>1</Summarizable>
      <HighCardinality>1</HighCardinality>
      <LargeData>0</LargeData>
      <MultiValued>0</MultiValued>
      <SMAEnabledSetting>0</SMAEnabledSetting>
   </Field>
   <Field oms_version="3.103.1.0.0">
      <DisplayName>Request Parameter Name</DisplayName>
      <FieldType>1</FieldType>
      <IsSystem>0</IsSystem>
      <IsPrimary>1</IsPrimary>
      <DataType>STRING</DataType>
      <IsMetricKeyEligible>0</IsMetricKeyEligible>
      <IsMetricValueEligible>0</IsMetricValueEligible>
      <FacetEligible>1</FacetEligible>
      <RangeFacetEligible>0</RangeFacetEligible>
      <TableEligible>1</TableEligible>
      <FacetPriority>1</FacetPriority>
      <Summarizable>1</Summarizable>
      <HighCardinality>1</HighCardinality>
      <LargeData>0</LargeData>
      <MultiValued>0</MultiValued>
      <SMAEnabledSetting>0</SMAEnabledSetting>
   </Field>
   <Field oms_version="3.103.1.0.0">
      <DisplayName>Request Parameter Type</DisplayName>
      <FieldType>1</FieldType>
      <IsSystem>0</IsSystem>
      <IsPrimary>1</IsPrimary>
      <DataType>STRING</DataType>
      <IsMetricKeyEligible>0</IsMetricKeyEligible>
      <IsMetricValueEligible>0</IsMetricValueEligible>
      <FacetEligible>1</FacetEligible>
      <RangeFacetEligible>0</RangeFacetEligible>
      <TableEligible>1</TableEligible>
      <FacetPriority>1</FacetPriority>
      <Summarizable>1</Summarizable>
      <HighCardinality>1</HighCardinality>
      <LargeData>0</LargeData>
      <MultiValued>0</MultiValued>
      <SMAEnabledSetting>0</SMAEnabledSetting>
   </Field>
   <Field oms_version="3.103.1.0.0">
      <DisplayName>Request Parameter Values</DisplayName>
      <FieldType>1</FieldType>
      <IsSystem>0</IsSystem>
      <IsPrimary>1</IsPrimary>
      <DataType>STRING</DataType>
      <IsMetricKeyEligible>0</IsMetricKeyEligible>
      <IsMetricValueEligible>0</IsMetricValueEligible>
      <FacetEligible>1</FacetEligible>
      <RangeFacetEligible>0</RangeFacetEligible>
      <TableEligible>1</TableEligible>
      <FacetPriority>1</FacetPriority>
      <Summarizable>1</Summarizable>
      <HighCardinality>1</HighCardinality>
      <LargeData>0</LargeData>
      <MultiValued>0</MultiValued>
      <SMAEnabledSetting>0</SMAEnabledSetting>
   </Field>
   <Field oms_version="3.103.1.0.0">
      <DisplayName>ESS Requested Start Time</DisplayName>
      <FieldType>1</FieldType>
      <IsSystem>0</IsSystem>
      <IsPrimary>1</IsPrimary>
      <DataType>TIMESTAMP</DataType>
      <IsMetricKeyEligible>0</IsMetricKeyEligible>
      <IsMetricValueEligible>0</IsMetricValueEligible>
      <FacetEligible>1</FacetEligible>
      <RangeFacetEligible>0</RangeFacetEligible>
      <TableEligible>1</TableEligible>
      <FacetPriority>1</FacetPriority>
      <Summarizable>1</Summarizable>
      <HighCardinality>1</HighCardinality>
      <LargeData>0</LargeData>
      <MultiValued>0</MultiValued>
      <SMAEnabledSetting>0</SMAEnabledSetting>
   </Field>
   <Field oms_version="3.103.1.0.0">
      <DisplayName>Exec Attempt</DisplayName>
      <Description>Fusion Apps ESS Requests Fields</Description>
      <FieldType>1</FieldType>
      <IsSystem>0</IsSystem>
      <IsPrimary>1</IsPrimary>
      <DataType>LONG</DataType>
      <IsMetricKeyEligible>0</IsMetricKeyEligible>
      <IsMetricValueEligible>0</IsMetricValueEligible>
      <FacetEligible>1</FacetEligible>
      <RangeFacetEligible>0</RangeFacetEligible>
      <TableEligible>1</TableEligible>
      <FacetPriority>1</FacetPriority>
      <Summarizable>1</Summarizable>
      <HighCardinality>1</HighCardinality>
      <LargeData>0</LargeData>
      <MultiValued>0</MultiValued>
      <SMAEnabledSetting>0</SMAEnabledSetting>
   </Field>
   <Field oms_version="3.103.1.0.0">
      <DisplayName>Instance Parent Id</DisplayName>
      <Description>Fusion Apps ESS Fields</Description>
      <FieldType>1</FieldType>
      <IsSystem>0</IsSystem>
      <IsPrimary>1</IsPrimary>
      <DataType>STRING</DataType>
      <IsMetricKeyEligible>0</IsMetricKeyEligible>
      <IsMetricValueEligible>0</IsMetricValueEligible>
      <FacetEligible>1</FacetEligible>
      <RangeFacetEligible>0</RangeFacetEligible>
      <TableEligible>1</TableEligible>
      <FacetPriority>1</FacetPriority>
      <Summarizable>1</Summarizable>
      <HighCardinality>1</HighCardinality>
      <LargeData>0</LargeData>
      <MultiValued>0</MultiValued>
      <SMAEnabledSetting>0</SMAEnabledSetting>
   </Field>
   <Field oms_version="3.103.1.0.0">
      <DisplayName>Is Async Recoverable</DisplayName>
      <Description>Fusion Apps ESS Requests details fields</Description>
      <FieldType>1</FieldType>
      <IsSystem>0</IsSystem>
      <IsPrimary>1</IsPrimary>
      <DataType>STRING</DataType>
      <IsMetricKeyEligible>0</IsMetricKeyEligible>
      <IsMetricValueEligible>0</IsMetricValueEligible>
      <FacetEligible>1</FacetEligible>
      <RangeFacetEligible>0</RangeFacetEligible>
      <TableEligible>1</TableEligible>
      <FacetPriority>1</FacetPriority>
      <Summarizable>1</Summarizable>
      <HighCardinality>1</HighCardinality>
      <LargeData>0</LargeData>
      <MultiValued>0</MultiValued>
      <SMAEnabledSetting>0</SMAEnabledSetting>
   </Field>
   <Field oms_version="3.103.1.0.0">
      <DisplayName>Is Cancellable</DisplayName>
      <Description>Fusion Apps ESS Requests details fields</Description>
      <FieldType>1</FieldType>
      <IsSystem>0</IsSystem>
      <IsPrimary>1</IsPrimary>
      <DataType>STRING</DataType>
      <IsMetricKeyEligible>0</IsMetricKeyEligible>
      <IsMetricValueEligible>0</IsMetricValueEligible>
      <FacetEligible>1</FacetEligible>
      <RangeFacetEligible>0</RangeFacetEligible>
      <TableEligible>1</TableEligible>
      <FacetPriority>1</FacetPriority>
      <Summarizable>1</Summarizable>
      <HighCardinality>1</HighCardinality>
      <LargeData>0</LargeData>
      <MultiValued>0</MultiValued>
      <SMAEnabledSetting>0</SMAEnabledSetting>
   </Field>
   <Field oms_version="3.103.1.0.0">
      <DisplayName>Is Force Cancel Allowed</DisplayName>
      <Description>Fusion Apps ESS Requests details fields</Description>
      <FieldType>1</FieldType>
      <IsSystem>0</IsSystem>
      <IsPrimary>1</IsPrimary>
      <DataType>STRING</DataType>
      <IsMetricKeyEligible>0</IsMetricKeyEligible>
      <IsMetricValueEligible>0</IsMetricValueEligible>
      <FacetEligible>1</FacetEligible>
      <RangeFacetEligible>0</RangeFacetEligible>
      <TableEligible>1</TableEligible>
      <FacetPriority>1</FacetPriority>
      <Summarizable>1</Summarizable>
      <HighCardinality>1</HighCardinality>
      <LargeData>0</LargeData>
      <MultiValued>0</MultiValued>
      <SMAEnabledSetting>0</SMAEnabledSetting>
   </Field>
   <Field oms_version="3.103.1.0.0">
      <DisplayName>Is Holdable</DisplayName>
      <Description>Fusion Apps ESS Requests details fields</Description>
      <FieldType>1</FieldType>
      <IsSystem>0</IsSystem>
      <IsPrimary>1</IsPrimary>
      <DataType>STRING</DataType>
      <IsMetricKeyEligible>0</IsMetricKeyEligible>
      <IsMetricValueEligible>0</IsMetricValueEligible>
      <FacetEligible>1</FacetEligible>
      <RangeFacetEligible>0</RangeFacetEligible>
      <TableEligible>1</TableEligible>
      <FacetPriority>1</FacetPriority>
      <Summarizable>1</Summarizable>
      <HighCardinality>1</HighCardinality>
      <LargeData>0</LargeData>
      <MultiValued>0</MultiValued>
      <SMAEnabledSetting>0</SMAEnabledSetting>
   </Field>
   <Field oms_version="3.103.1.0.0">
      <DisplayName>Is Recoverable</DisplayName>
      <Description>Fusion Apps ESS Requests details fields</Description>
      <FieldType>1</FieldType>
      <IsSystem>0</IsSystem>
      <IsPrimary>1</IsPrimary>
      <DataType>STRING</DataType>
      <IsMetricKeyEligible>0</IsMetricKeyEligible>
      <IsMetricValueEligible>0</IsMetricValueEligible>
      <FacetEligible>1</FacetEligible>
      <RangeFacetEligible>0</RangeFacetEligible>
      <TableEligible>1</TableEligible>
      <FacetPriority>1</FacetPriority>
      <Summarizable>1</Summarizable>
      <HighCardinality>1</HighCardinality>
      <LargeData>0</LargeData>
      <MultiValued>0</MultiValued>
      <SMAEnabledSetting>0</SMAEnabledSetting>
   </Field>
   <Field oms_version="3.103.1.0.0">
      <DisplayName>Is Timed Out</DisplayName>
      <Description>Fusion Apps ESS Requests details fields</Description>
      <FieldType>1</FieldType>
      <IsSystem>0</IsSystem>
      <IsPrimary>1</IsPrimary>
      <DataType>STRING</DataType>
      <IsMetricKeyEligible>0</IsMetricKeyEligible>
      <IsMetricValueEligible>0</IsMetricValueEligible>
      <FacetEligible>1</FacetEligible>
      <RangeFacetEligible>0</RangeFacetEligible>
      <TableEligible>1</TableEligible>
      <FacetPriority>1</FacetPriority>
      <Summarizable>1</Summarizable>
      <HighCardinality>1</HighCardinality>
      <LargeData>0</LargeData>
      <MultiValued>0</MultiValued>
      <SMAEnabledSetting>0</SMAEnabledSetting>
   </Field>
   <Field oms_version="3.103.1.0.0">
      <DisplayName>Job Definition Id</DisplayName>
      <Description>Fusion Apps ESS Fields</Description>
      <FieldType>1</FieldType>
      <IsSystem>0</IsSystem>
      <IsPrimary>1</IsPrimary>
      <DataType>STRING</DataType>
      <IsMetricKeyEligible>0</IsMetricKeyEligible>
      <IsMetricValueEligible>0</IsMetricValueEligible>
      <FacetEligible>1</FacetEligible>
      <RangeFacetEligible>0</RangeFacetEligible>
      <TableEligible>1</TableEligible>
      <FacetPriority>1</FacetPriority>
      <Summarizable>1</Summarizable>
      <HighCardinality>1</HighCardinality>
      <LargeData>0</LargeData>
      <MultiValued>0</MultiValued>
      <SMAEnabledSetting>0</SMAEnabledSetting>
   </Field>
   <Field oms_version="3.103.1.0.0">
      <DisplayName>Job Description</DisplayName>
      <Description>Fusion Apps ESS Fields</Description>
      <FieldType>1</FieldType>
      <IsSystem>0</IsSystem>
      <IsPrimary>1</IsPrimary>
      <DataType>STRING</DataType>
      <IsMetricKeyEligible>0</IsMetricKeyEligible>
      <IsMetricValueEligible>0</IsMetricValueEligible>
      <FacetEligible>1</FacetEligible>
      <RangeFacetEligible>0</RangeFacetEligible>
      <TableEligible>1</TableEligible>
      <FacetPriority>1</FacetPriority>
      <Summarizable>1</Summarizable>
      <HighCardinality>1</HighCardinality>
      <LargeData>0</LargeData>
      <MultiValued>0</MultiValued>
      <SMAEnabledSetting>0</SMAEnabledSetting>
   </Field>
   <Field oms_version="3.103.1.0.0">
      <DisplayName>Job Display Name</DisplayName>
      <Description>Fusion Apps ESS Fields</Description>
      <FieldType>1</FieldType>
      <IsSystem>0</IsSystem>
      <IsPrimary>1</IsPrimary>
      <DataType>STRING</DataType>
      <IsMetricKeyEligible>0</IsMetricKeyEligible>
      <IsMetricValueEligible>0</IsMetricValueEligible>
      <FacetEligible>1</FacetEligible>
      <RangeFacetEligible>0</RangeFacetEligible>
      <TableEligible>1</TableEligible>
      <FacetPriority>1</FacetPriority>
      <Summarizable>1</Summarizable>
      <HighCardinality>1</HighCardinality>
      <LargeData>0</LargeData>
      <MultiValued>0</MultiValued>
      <SMAEnabledSetting>0</SMAEnabledSetting>
   </Field>
   <Parser oms_version="3.103.1.0.0" tokenize_orig_text="1" type="6">
      <Name>Fusion Apps: ESS Requests</Name>
      <DisplayName>Fusion Apps: ESS Requests</DisplayName>
      <IsSingleLineContent>0</IsSingleLineContent>
      <HeaderContent>$.items:2</HeaderContent>
      <ExampleContent>{
  "count": 200,
  "items": [
    {
      "absParentRequestId": 4711972,
      "application": "CrmEss",
      "cause": "NON_TERMINAL",
      "causeDescription": "Request in non-terminal state",
      "deployedApplicationName": "ORA_CRM_ESSAPP",
      "description": "Job Name: ScheduleTriggerJob",
      "dmsRID": "0:1:1:4:27:1:4:81:1",
      "ecid": "1cdecfe63bf74fad8137a174d28c45ad@@00000180de42fd81",
      "elapsedTime": -999,
      "enterpriseId": 1,
      "executionAttempt": 1,
      "executionMode": "NONE",
      "executionType": "JAVA_TYPE",
      "flowId": "0000O3UIqzWCcpu_o_g8yY1YUnUZ0000Je",
      "instanceParentExecAttempt": 0,
      "instanceParentId": 0,
      "isAsyncRecoverable": false,
      "isCancellable": true,
      "isForceCancelAllowed": false,
      "isHoldable": false,
      "isRecoverable": false,
      "isTimedOut": false,
      "jobDefinitionId": "JobDefinition://oracle/apps/ess/crmCommon/intelligentCRM/CallbackJob",
      "jobDescription": "Schedules and calls back requested service",
      "jobDisplayName": "Schedule Callback",
      "jobType": "JobType://oracle/as/ess/ext/JavaJobType",
      "lastScheduleInstanceId": 6491883,
      "lastSubRequestSet": 0,
      "links": [
        {
          "href": "https://eicj-dev1.fa.us2.oraclecloud.com:443/ess/rest/scheduler/v1/requests/4711972",
          "rel": "SELF"
        },
        {
          "href": "https://eicj-dev1.fa.us2.oraclecloud.com:443/ess/rest/scheduler/v1/requests/4711972/cancel",
          "rel": "CANCEL"
        },
        {
          "href": "https://eicj-dev1.fa.us2.oraclecloud.com:443/ess/rest/scheduler/v1/requests/4711972/hold",
          "rel": "HOLD"
        },
        {
          "href": "https://eicj-dev1.fa.us2.oraclecloud.com:443/ess/rest/scheduler/v1/requests/4711972/release",
          "rel": "RELEASE"
        },
        {
          "href": "https://eicj-dev1.fa.us2.oraclecloud.com:443/ess/rest/scheduler/v1/requests/4711972",
          "rel": "ABSPARENTREQUEST"
        },
        {
          "href": "https://eicj-dev1.fa.us2.oraclecloud.com:443/ess/rest/scheduler/v1/requests/-1",
          "rel": "PARENTREQUEST"
        },
        {
          "href": "https://eicj-dev1.fa.us2.oraclecloud.com:443/ess/rest/scheduler/v1/requests/0",
          "rel": "INSTANCEPARENT"
        },
        {
          "href": "https://eicj-dev1.fa.us2.oraclecloud.com:443/ess/rest/scheduler/v1/requests/4711972/forceCancel",
          "rel": "FORCECANCEL"
        },
        {
          "href": "https://eicj-dev1.fa.us2.oraclecloud.com:443/ess/rest/scheduler/v1/requests/4711972/permissions",
          "rel": "PERMISSIONS"
        },
        {
          "href": "https://eicj-dev1.fa.us2.oraclecloud.com:443/ess/rest/scheduler/v1/requests/4711972/subscribe",
          "rel": "SUBSCRIBE"
        },
        {
          "href": "https://eicj-dev1.fa.us2.oraclecloud.com:443/ess/rest/scheduler/v1/requests/4711972/executionStatus",
          "rel": "EXECUTIONSTATUS"
        }
      ],
      "parentExecAttempt": 0,
      "pausedCount": 0,
      "previousState": "WAIT",
      "priority": 4,
      "processGroup": "FADomain##ESS_SOACluster",
      "processPhase": "Initial",
      "processPhaseDescription": "Initial",
      "product": "ZCA",
      "requestId": 4711972,
      "requestMode": "Fusion",
      "requestParameters": [
        {
          "name": "jobExecutesVirusScanOnOutputFiles",
          "paramType": "BOOLEAN",
          "value": "false"
        },
        {
          "name": "actionURL",
          "paramType": "STRING",
          "value": "https://eicj-dev1.fa.us2.oraclecloud.com:443/crmRestApi/intelligentCRM/routines/triggerRun/300000156606148"
        },
        {
          "name": "aflogLevel"
        },
        {
          "name": "EXT_PortletContainerWebModule",
          "paramType": "STRING",
          "value": "ORA_CRM_UI"
        },
        {
          "name": "srsFlag",
          "paramType": "STRING",
          "value": "N"
        },
        {
          "name": "jobDisplayName",
          "paramType": "STRING",
          "value": "Schedule Callback"
        },
        {
          "name": "jobDefinitionName",
          "paramType": "STRING",
          "value": "CallbackJob"
        },
        {
          "name": "jobDesc",
          "paramType": "STRING",
          "value": "Schedules and calls back requested service"
        },
        {
          "name": "incrProcISD",
          "paramType": "STRING",
          "value": "1653004800708"
        },
        {
          "name": "jobPackageName",
          "paramType": "STRING",
          "value": "oracle.apps.ess.crmCommon.intelligentCRM"
        },
        {
          "name": "parentRequest"
        },
        {
          "name": "oracle.apps.fnd.applcp.invokeIncrementProcIfPresent",
          "paramType": "BOOLEAN",
          "value": "true"
        },
        {
          "name": "jobExecutesVirusScanOnLogFiles",
          "paramType": "BOOLEAN",
          "value": "false"
        },
        {
          "name": "cpAsynchJobWrapper",
          "paramType": "STRING",
          "value": "oracle.apps.fnd.applcp.request.exec.AsyncExecutableWrapper"
        },
        {
          "name": "completionText"
        },
        {
          "name": "jobId"
        },
        {
          "name": "SYS_EXT_jobInfoClass",
          "paramType": "STRING",
          "value": "oracle.as.scheduler.quiesce.JobInformationShort"
        },
        {
          "name": "jobDefinitionApplication",
          "paramType": "STRING",
          "value": "ZCA"
        },
        {
          "name": "logLevel",
          "paramType": "STRING",
          "value": "1"
        },
        {
          "name": "requestStepPath"
        },
        {
          "name": "payload"
        },
        {
          "name": "filePersistenceMode"
        },
        {
          "name": "cpJavaJobWrapper",
          "paramType": "STRING",
          "value": "oracle.apps.fnd.applcp.request.exec.ExecutableWrapper"
        },
        {
          "name": "shadowClassName"
        }
      ],
      "requestType": "RECUR_PARENT",
      "requestedStartTime": "2022-05-19T21:48:44.708Z",
      "retriedCount": 0,
      "runAsUser": "chetna.sharma+admin1@oracle.com",
      "schedule": {
        "recurrences": [
          {}
        ],
        "description": "Schedule to create Job",
        "displayName": "Job Schedule",
        "name": "Job Schedule"
      },
      "state": "HOLD",
      "stateChangeTime": "2023-05-25T00:28:44.919Z",
      "stateDescription": "Hold",
      "stepId": "0",
      "subRequestSet": 0,
      "submissionTime": "2022-05-19T21:48:46.087Z",
      "submitter": "chetna.sharma+admin1@oracle.com",
      "submitterDmsECID": "1cdecfe63bf74fad8137a174d28c45ad@@00000180de42fd81",
      "submitterDmsRID": "0:1:1:4:27:1:4",
      "submitterGUID": "9BD5FDF16BA489FDE0503C0A80A72A76"
    },
    {
      "absParentRequestId": 2887864,
      "application": "CrmEss",
      "cause": "NON_TERMINAL",
      "causeDescription": "Request in non-terminal state",
      "deployedApplicationName": "ORA_CRM_ESSAPP",
      "description": "Boost Smart Actions",
      "dmsRID": "0:1",
      "ecid": "0000OkwRMrZE0Vlposc9yY1_JKv70005Og",
      "elapsedTime": -999,
      "enterpriseId": 1,
      "executionAttempt": 1,
      "executionMode": "NONE",
      "executionType": "JAVA_TYPE",
      "flowId": "0000OkwRMrZE0Vlposc9yY1_JKv70005Oh",
      "instanceParentExecAttempt": 1,
      "instanceParentId": 7284560,
      "isAsyncRecoverable": false,
      "isCancellable": true,
      "isForceCancelAllowed": false,
      "isHoldable": true,
      "isRecoverable": false,
      "isTimedOut": false,
      "jobDefinitionId": "JobDefinition://oracle/apps/ess/crmCommon/core/smartActions/SmartActionsBoosting",
      "jobDescription": "Ranks smart actions based on frequency of use and object context.",
      "jobDisplayName": "Smart Action Auto Ranking",
      "jobType": "JobType://oracle/as/ess/ext/JavaJobType",
      "lastScheduleInstanceId": 7280166,
      "lastSubRequestSet": 0,
      "links": [
        {
          "href": "https://eicj-dev1.fa.us2.oraclecloud.com:443/ess/rest/scheduler/v1/requests/7284560",
          "rel": "SELF"
        },
        {
          "href": "https://eicj-dev1.fa.us2.oraclecloud.com:443/ess/rest/scheduler/v1/requests/7284560/cancel",
          "rel": "CANCEL"
        },
        {
          "href": "https://eicj-dev1.fa.us2.oraclecloud.com:443/ess/rest/scheduler/v1/requests/7284560/hold",
          "rel": "HOLD"
        },
        {
          "href": "https://eicj-dev1.fa.us2.oraclecloud.com:443/ess/rest/scheduler/v1/requests/7284560/release",
          "rel": "RELEASE"
        },
        {
          "href": "https://eicj-dev1.fa.us2.oraclecloud.com:443/ess/rest/scheduler/v1/requests/2887864",
          "rel": "ABSPARENTREQUEST"
        },
        {
          "href": "https://eicj-dev1.fa.us2.oraclecloud.com:443/ess/rest/scheduler/v1/requests/2887864",
          "rel": "PARENTREQUEST"
        },
        {
          "href": "https://eicj-dev1.fa.us2.oraclecloud.com:443/ess/rest/scheduler/v1/requests/7284560",
          "rel": "INSTANCEPARENT"
        },
        {
          "href": "https://eicj-dev1.fa.us2.oraclecloud.com:443/ess/rest/scheduler/v1/requests/7284560/forceCancel",
          "rel": "FORCECANCEL"
        },
        {
          "href": "https://eicj-dev1.fa.us2.oraclecloud.com:443/ess/rest/scheduler/v1/requests/7284560/permissions",
          "rel": "PERMISSIONS"
        },
        {
          "href": "https://eicj-dev1.fa.us2.oraclecloud.com:443/ess/rest/scheduler/v1/requests/7284560/subscribe",
          "rel": "SUBSCRIBE"
        },
        {
          "href": "https://eicj-dev1.fa.us2.oraclecloud.com:443/ess/rest/scheduler/v1/requests/7284560/executionStatus",
          "rel": "EXECUTIONSTATUS"
        }
      ],
      "parentExecAttempt": 1,
      "parentRequestId": 2887864,
      "pausedCount": 0,
      "priority": 4,
      "processGroup": "FADomain##ESS_SOACluster",
      "processPhase": "Initial",
      "processPhaseDescription": "Initial",
      "product": "ZCA",
      "requestId": 7284560,
      "requestMode": "Fusion",
      "requestParameters": [
        {
          "name": "jobExecutesVirusScanOnOutputFiles",
          "paramType": "BOOLEAN",
          "value": "false"
        },
        {
          "name": "JobDefinitionApplication",
          "paramType": "STRING",
          "value": "ZCA"
        },
        {
          "name": "JobDefinitionName",
          "paramType": "STRING",
          "value": "SmartActionsBoosting"
        },
        {
          "name": "aflogLevel"
        },
        {
          "name": "EXT_PortletContainerWebModule",
          "paramType": "STRING",
          "value": "ORA_CRM_UI"
        },
        {
          "name": "srsFlag",
          "paramType": "STRING",
          "value": "Y"
        },
        {
          "name": "jobDisplayName",
          "paramType": "STRING",
          "value": "Smart Action Auto Ranking"
        },
        {
          "name": "jobDesc",
          "paramType": "STRING",
          "value": "Ranks smart actions based on frequency of use and object context."
        },
        {
          "name": "incrProcISD",
          "paramType": "STRING",
          "value": "1620777644883"
        },
        {
          "name": "jobPackageName"
        },
        {
          "name": "parentRequest"
        },
        {
          "name": "oracle.apps.fnd.applcp.invokeIncrementProcIfPresent",
          "paramType": "BOOLEAN",
          "value": "true"
        },
        {
          "name": "jobExecutesVirusScanOnLogFiles",
          "paramType": "BOOLEAN",
          "value": "false"
        },
        {
          "name": "cpAsynchJobWrapper",
          "paramType": "STRING",
          "value": "oracle.apps.fnd.applcp.request.exec.AsyncExecutableWrapper"
        },
        {
          "name": "completionText"
        },
        {
          "name": "SYS_EXT_jobInfoClass",
          "paramType": "STRING",
          "value": "oracle.as.scheduler.quiesce.JobInformationShort"
        },
        {
          "name": "logLevel",
          "paramType": "STRING",
          "value": "1"
        },
        {
          "name": "requestStepPath"
        },
        {
          "name": "JobPackageName",
          "paramType": "STRING",
          "value": "oracle.apps.ess.crmCommon.core.smartActions"
        },
        {
          "name": "filePersistenceMode"
        },
        {
          "name": "cpJavaJobWrapper",
          "paramType": "STRING",
          "value": "oracle.apps.fnd.applcp.request.exec.ExecutableWrapper"
        },
        {
          "name": "shadowClassName"
        }
      ],
      "requestType": "RECUR_CHILD",
      "requestedStartTime": "2021-05-11T21:58:44.883Z",
      "retriedCount": 0,
      "runAsUser": "FUSION_APPS_CRM_ESS_APPID",
      "schedule": {
        "recurrences": [
          {
            "icalString": "FREQ=DAILY;BYHOUR=00;BYMINUTE=00;"
          }
        ],
        "description": "Schedule for SmartActionsBoosting",
        "displayName": "SmartActionsBoosting_schedule",
        "name": "SmartActionsBoosting_schedule"
      },
      "scheduledTime": "2023-12-07T00:00:44.883Z",
      "state": "WAIT",
      "stateChangeTime": "2023-12-06T00:00:53.725Z",
      "stateDescription": "Wait",
      "stepId": "0",
      "subRequestSet": 0,
      "submissionTime": "2023-12-06T00:00:53.725Z",
      "submitter": "FUSION_APPS_CRM_ESS_APPID",
      "submitterGUID": "7F894530D0CD2921E050F40A092A1854"
    }
  ],
  "links": [
    {
      "href": "https://eicj-dev1.fa.us2.oraclecloud.com:443/ess/rest/scheduler/v1/requests/search/1",
      "rel": "SELF"
    }
  ],
  "pageIndex": 1
}</ExampleContent>
      <IsSystem>0</IsSystem>
      <Encoding>UTF-8</Encoding>
      <Language>en_US</Language>
      <ParserFields>
         <ParserField>
            <FieldSeq>59</FieldSeq>
            <FieldName>parentreqid</FieldName>
            <StructuredColInfo>$.parentRequestId</StructuredColInfo>
         </ParserField>
         <ParserField>
            <FieldSeq>22</FieldSeq>
            <FieldName>udfs146</FieldName>
            <StructuredColInfo>$.isTimedOut</StructuredColInfo>
         </ParserField>
         <ParserField>
            <FieldSeq>6</FieldSeq>
            <FieldName>eventdesc</FieldName>
            <StructuredColInfo>$.description</StructuredColInfo>
         </ParserField>
         <ParserField>
            <FieldSeq>23</FieldSeq>
            <FieldName>udfs147</FieldName>
            <StructuredColInfo>$.jobDefinitionId</StructuredColInfo>
         </ParserField>
         <ParserField>
            <FieldSeq>43</FieldSeq>
            <FieldName>udfd9</FieldName>
            <StructuredColInfo>$.requestedStartTime</StructuredColInfo>
         </ParserField>
         <ParserField>
            <FieldSeq>40</FieldSeq>
            <FieldName>udfs156</FieldName>
            <StructuredColInfo>$.requestMode</StructuredColInfo>
         </ParserField>
         <ParserField>
            <FieldSeq>8</FieldSeq>
            <FieldName>ecidid</FieldName>
            <StructuredColInfo>$.ecid</StructuredColInfo>
         </ParserField>
         <ParserField>
            <FieldSeq>65</FieldSeq>
            <FieldName>udfs158</FieldName>
            <StructuredColInfo>$.requestParameters[*].paramType</StructuredColInfo>
         </ParserField>
         <ParserField>
            <FieldSeq>61</FieldSeq>
            <FieldName>udfs159</FieldName>
            <StructuredColInfo>$.requestParameters[*].value</StructuredColInfo>
         </ParserField>
         <ParserField>
            <FieldSeq>32</FieldSeq>
            <FieldName>udfl12</FieldName>
            <StructuredColInfo>$.pausedCount</StructuredColInfo>
         </ParserField>
         <ParserField>
            <FieldSeq>21</FieldSeq>
            <FieldName>udfs145</FieldName>
            <StructuredColInfo>$.isRecoverable</StructuredColInfo>
         </ParserField>
         <ParserField>
            <FieldSeq>37</FieldSeq>
            <FieldName>udfs155</FieldName>
            <StructuredColInfo>$.processPhaseDescription</StructuredColInfo>
         </ParserField>
         <ParserField>
            <FieldSeq>64</FieldSeq>
            <FieldName>udfs163</FieldName>
            <StructuredColInfo>$.schedule.description</StructuredColInfo>
         </ParserField>
         <ParserField>
            <FieldSeq>5</FieldSeq>
            <FieldName>udfs135</FieldName>
            <StructuredColInfo>$.deployedApplicationName</StructuredColInfo>
         </ParserField>
         <ParserField>
            <FieldSeq>15</FieldSeq>
            <FieldName>udfl9</FieldName>
            <StructuredColInfo>$.instanceParentExecAttempt</StructuredColInfo>
         </ParserField>
         <ParserField>
            <FieldSeq>34</FieldSeq>
            <FieldName>pri</FieldName>
            <StructuredColInfo>$.priority</StructuredColInfo>
         </ParserField>
         <ParserField>
            <FieldSeq>12</FieldSeq>
            <FieldName>udfs138</FieldName>
            <StructuredColInfo>$.executionMode</StructuredColInfo>
         </ParserField>
         <ParserField>
            <FieldSeq>19</FieldSeq>
            <FieldName>udfs143</FieldName>
            <StructuredColInfo>$.isForceCancelAllowed</StructuredColInfo>
         </ParserField>
         <ParserField>
            <FieldSeq>42</FieldSeq>
            <FieldName>udfs161</FieldName>
            <StructuredColInfo>$.requestType</StructuredColInfo>
         </ParserField>
         <ParserField>
            <FieldSeq>48</FieldSeq>
            <FieldName>udfs164</FieldName>
            <StructuredColInfo>$.schedule.displayName</StructuredColInfo>
         </ParserField>
         <ParserField>
            <FieldSeq>7</FieldSeq>
            <FieldName>udfs172</FieldName>
            <StructuredColInfo>$.dmsRID</StructuredColInfo>
         </ParserField>
         <ParserField>
            <FieldSeq>47</FieldSeq>
            <FieldName>udfl13</FieldName>
            <StructuredColInfo>$.schedule.recurrences</StructuredColInfo>
         </ParserField>
         <ParserField>
            <FieldSeq>1</FieldSeq>
            <FieldName>parentreqid</FieldName>
            <StructuredColInfo>$.absParentRequestId</StructuredColInfo>
         </ParserField>
         <ParserField>
            <FieldSeq>56</FieldSeq>
            <FieldName>udfs170</FieldName>
            <StructuredColInfo>$.submitterDmsECID</StructuredColInfo>
         </ParserField>
         <ParserField>
            <FieldSeq>58</FieldSeq>
            <FieldName>udfs171</FieldName>
            <StructuredColInfo>$.submitterGUID</StructuredColInfo>
         </ParserField>
         <ParserField>
            <FieldSeq>49</FieldSeq>
            <FieldName>udfs165</FieldName>
            <StructuredColInfo>$.state</StructuredColInfo>
         </ParserField>
         <ParserField>
            <FieldSeq>13</FieldSeq>
            <FieldName>udfs139</FieldName>
            <StructuredColInfo>$.executionType</StructuredColInfo>
         </ParserField>
         <ParserField>
            <FieldSeq>57</FieldSeq>
            <FieldName>udfs169</FieldName>
            <StructuredColInfo>$.submitterDmsRID</StructuredColInfo>
         </ParserField>
         <ParserField>
            <FieldSeq>38</FieldSeq>
            <FieldName>udfs17</FieldName>
            <StructuredColInfo>$.product</StructuredColInfo>
         </ParserField>
         <ParserField>
            <FieldSeq>54</FieldSeq>
            <FieldName>time</FieldName>
            <StructuredColInfo>$.submissionTime</StructuredColInfo>
         </ParserField>
         <ParserField>
            <FieldSeq>31</FieldSeq>
            <FieldName>udfl11</FieldName>
            <StructuredColInfo>$.parentExecAttempt</StructuredColInfo>
         </ParserField>
         <ParserField>
            <FieldSeq>28</FieldSeq>
            <FieldName>udfl10</FieldName>
            <StructuredColInfo>$.lastSubRequestSet</StructuredColInfo>
         </ParserField>
         <ParserField>
            <FieldSeq>20</FieldSeq>
            <FieldName>udfs144</FieldName>
            <StructuredColInfo>$.isHoldable</StructuredColInfo>
         </ParserField>
         <ParserField>
            <FieldSeq>18</FieldSeq>
            <FieldName>udfs142</FieldName>
            <StructuredColInfo>$.isCancellable</StructuredColInfo>
         </ParserField>
         <ParserField>
            <FieldSeq>26</FieldSeq>
            <FieldName>udfs150</FieldName>
            <StructuredColInfo>$.jobType</StructuredColInfo>
         </ParserField>
         <ParserField>
            <FieldSeq>51</FieldSeq>
            <FieldName>udfs166</FieldName>
            <StructuredColInfo>$.stateDescription</StructuredColInfo>
         </ParserField>
         <ParserField>
            <FieldSeq>3</FieldSeq>
            <FieldName>udfs134</FieldName>
            <StructuredColInfo>$.cause</StructuredColInfo>
         </ParserField>
         <ParserField>
            <FieldSeq>35</FieldSeq>
            <FieldName>udfs153</FieldName>
            <StructuredColInfo>$.processGroup</StructuredColInfo>
         </ParserField>
         <ParserField>
            <FieldSeq>63</FieldSeq>
            <FieldName>udfs157</FieldName>
            <StructuredColInfo>$.requestParameters[*].name</StructuredColInfo>
         </ParserField>
         <ParserField>
            <FieldSeq>14</FieldSeq>
            <FieldName>flowid</FieldName>
            <StructuredColInfo>$.flowId</StructuredColInfo>
         </ParserField>
         <ParserField>
            <FieldSeq>17</FieldSeq>
            <FieldName>udfs141</FieldName>
            <StructuredColInfo>$.isAsyncRecoverable</StructuredColInfo>
         </ParserField>
         <ParserField>
            <FieldSeq>44</FieldSeq>
            <FieldName>udfl14</FieldName>
            <StructuredColInfo>$.retriedCount</StructuredColInfo>
         </ParserField>
         <ParserField>
            <FieldSeq>11</FieldSeq>
            <FieldName>attempts</FieldName>
            <StructuredColInfo>$.executionAttempt</StructuredColInfo>
         </ParserField>
         <ParserField>
            <FieldSeq>46</FieldSeq>
            <FieldName>schedule</FieldName>
            <StructuredColInfo>$.schedule</StructuredColInfo>
         </ParserField>
         <ParserField>
            <FieldSeq>52</FieldSeq>
            <FieldName>udfs167</FieldName>
            <StructuredColInfo>$.stepId</StructuredColInfo>
         </ParserField>
         <ParserField>
            <FieldSeq>2</FieldSeq>
            <FieldName>app</FieldName>
            <StructuredColInfo>$.application</StructuredColInfo>
         </ParserField>
         <ParserField>
            <FieldSeq>4</FieldSeq>
            <FieldName>desc</FieldName>
            <StructuredColInfo>$.causeDescription</StructuredColInfo>
         </ParserField>
         <ParserField>
            <FieldSeq>45</FieldSeq>
            <FieldName>udfs162</FieldName>
            <StructuredColInfo>$.runAsUser</StructuredColInfo>
         </ParserField>
         <ParserField>
            <FieldSeq>60</FieldSeq>
            <FieldName>udfd10</FieldName>
            <StructuredColInfo>$.scheduledTime</StructuredColInfo>
         </ParserField>
         <ParserField>
            <FieldSeq>53</FieldSeq>
            <FieldName>udfl15</FieldName>
            <StructuredColInfo>$.subRequestSet</StructuredColInfo>
         </ParserField>
         <ParserField>
            <FieldSeq>30</FieldSeq>
            <FieldName>objselflink</FieldName>
            <StructuredColInfo>$.links[*].href</StructuredColInfo>
         </ParserField>
         <ParserField>
            <FieldSeq>39</FieldSeq>
            <FieldName>reqid</FieldName>
            <StructuredColInfo>$.requestId</StructuredColInfo>
         </ParserField>
         <ParserField>
            <FieldSeq>24</FieldSeq>
            <FieldName>udfs148</FieldName>
            <StructuredColInfo>$.jobDescription</StructuredColInfo>
         </ParserField>
         <ParserField>
            <FieldSeq>55</FieldSeq>
            <FieldName>udfs168</FieldName>
            <StructuredColInfo>$.submitter</StructuredColInfo>
         </ParserField>
         <ParserField>
            <FieldSeq>9</FieldSeq>
            <FieldName>udff6</FieldName>
            <StructuredColInfo>$.elapsedTime</StructuredColInfo>
         </ParserField>
         <ParserField>
            <FieldSeq>33</FieldSeq>
            <FieldName>stateprev</FieldName>
            <StructuredColInfo>$.previousState</StructuredColInfo>
         </ParserField>
         <ParserField>
            <FieldSeq>29</FieldSeq>
            <FieldName>udfs152</FieldName>
            <StructuredColInfo>$.links</StructuredColInfo>
         </ParserField>
         <ParserField>
            <FieldSeq>67</FieldSeq>
            <FieldName>udfs136</FieldName>
            <StructuredColInfo>$.schedule.name</StructuredColInfo>
         </ParserField>
         <ParserField>
            <FieldSeq>36</FieldSeq>
            <FieldName>udfs154</FieldName>
            <StructuredColInfo>$.processPhase</StructuredColInfo>
         </ParserField>
         <ParserField>
            <FieldSeq>41</FieldSeq>
            <FieldName>udfs160</FieldName>
            <StructuredColInfo>$.requestParameters</StructuredColInfo>
         </ParserField>
         <ParserField>
            <FieldSeq>25</FieldSeq>
            <FieldName>udfs149</FieldName>
            <StructuredColInfo>$.jobDisplayName</StructuredColInfo>
         </ParserField>
         <ParserField>
            <FieldSeq>16</FieldSeq>
            <FieldName>udfs140</FieldName>
            <StructuredColInfo>$.instanceParentId</StructuredColInfo>
         </ParserField>
         <ParserField>
            <FieldSeq>50</FieldSeq>
            <FieldName>udfd11</FieldName>
            <StructuredColInfo>$.stateChangeTime</StructuredColInfo>
         </ParserField>
         <ParserField>
            <FieldSeq>27</FieldSeq>
            <FieldName>udfs151</FieldName>
            <StructuredColInfo>$.lastScheduleInstanceId</StructuredColInfo>
         </ParserField>
         <ParserField>
            <FieldSeq>10</FieldSeq>
            <FieldName>udfs137</FieldName>
            <StructuredColInfo>$.enterpriseId</StructuredColInfo>
         </ParserField>
      </ParserFields>
      <WrittenOnce>0</WrittenOnce>
      <IsDefaultParser>1</IsDefaultParser>
      <InUse>1</InUse>
   </Parser>
   <Source configWarningSettings="0" name="Oracle Fusion Apps: Enterprise Scheduler Service (ESS)" oms_version="3.103.1.0.0">
      <SourceType>rest_api</SourceType>
      <TargetTypes>
         <TargetType>omc_host_linux</TargetType>
      </TargetTypes>
      <DisplayName>Oracle Fusion Apps: Enterprise Scheduler Service (ESS)</DisplayName>
      <Description>Fusion Apps: Enterprise Scheduler Service (ESS)</Description>
      <IsSystem>0</IsSystem>
      <IsSecureContent>1</IsSecureContent>
      <Endpoints>
         <LogEndpoint>
            <Name>sshishod-ess-requests-v2</Name>
            <Request>
               <Method>GET</Method>
               <Url>https://{POD_URL}/ess/rest/scheduler/v1/requests/search/{OFFSET(1,1)}?fields=absParentRequestId,application,cause,causeDescription,completedTime,deployedApplicationName,description,dispatcher,dmsRID,ecid,elapsedTime,enterpriseId,errorType,errorTypeDescription,errorWarningDetail,errorWarningMessage,errorWarningTime,executableState,executionAttempt,executionMode,executionType,expiration,flowId,instanceParentExecAttempt,instanceParentId,isAsynchronous,isAsyncRecoverable,isCancellable,isForceCancelAllowed,isHoldable,isRecoverable,isTimedOut,jobDefinitionId,jobDescription,jobDisplayName,jobType,lastScheduleInstanceId,lastSubRequestSet,links,logicalClusterName,notificationUrl,parentExecAttempt,parentRequestId,pausedCount,postProcessMessage,postProcessStatus,preProcessMessage,preprocessStatus,previousState,priority,processEndTime,processGroup,processor,processPhase,processPhaseDescription,processStartTime,product,requestCategory,requestedEndTime,requestedStartTime,requestId,requestMode,requestParameters,requestType,retriedCount,runAsUser,schedule,scheduleDefinition,scheduledTime,state,stateChangeTime,stateDescription,stepId,submissionTime,submitter,submitterDmsECID,submitterDmsRID,submitterFlowId,submitterGUID,subRequestSet&amp;q=processStartTime%20gt%20%22{START_TIME:yyyy-MM-dd'T'HH:mm:ss.SSS}Z%22%20and%20processEndTime%20lt%20%22{START_TIME+1D:yyyy-MM-dd'T'HH:mm:ss.SSS}Z%22</Url>
               <Headers>
                  <Header>
                     <Name>Content-Type</Name>
                     <Value>application/json;charset=utf-8</Value>
                  </Header>
               </Headers>
            </Request>
            <Credentials>
               <CredentialType>BASIC_AUTH</CredentialType>
               <CredentialName>FA_CRED</CredentialName>
            </Credentials>
            <IsSystem>0</IsSystem>
            <IsEnabled>1</IsEnabled>
         </LogEndpoint>
         <LogEndpoint>
            <Name>sshishod-ess-requests-v2_1h</Name>
            <Request>
               <Method>GET</Method>
               <Url>https://{POD_URL}/ess/rest/scheduler/v1/requests/search/{OFFSET(1,1)}?fields=absParentRequestId,application,cause,causeDescription,completedTime,deployedApplicationName,description,dispatcher,dmsRID,ecid,elapsedTime,enterpriseId,errorType,errorTypeDescription,errorWarningDetail,errorWarningMessage,errorWarningTime,executableState,executionAttempt,executionMode,executionType,expiration,flowId,instanceParentExecAttempt,instanceParentId,isAsynchronous,isAsyncRecoverable,isCancellable,isForceCancelAllowed,isHoldable,isRecoverable,isTimedOut,jobDefinitionId,jobDescription,jobDisplayName,jobType,lastScheduleInstanceId,lastSubRequestSet,links,logicalClusterName,notificationUrl,parentExecAttempt,parentRequestId,pausedCount,postProcessMessage,postProcessStatus,preProcessMessage,preprocessStatus,previousState,priority,processEndTime,processGroup,processor,processPhase,processPhaseDescription,processStartTime,product,requestCategory,requestedEndTime,requestedStartTime,requestId,requestMode,requestParameters,requestType,retriedCount,runAsUser,schedule,scheduleDefinition,scheduledTime,state,stateChangeTime,stateDescription,stepId,submissionTime,submitter,submitterDmsECID,submitterDmsRID,submitterFlowId,submitterGUID,subRequestSet&amp;q=processStartTime%20gt%20%22{START_TIME:yyyy-MM-dd'T'HH:mm:ss.SSS}Z%22%20and%20processEndTime%20lt%20%22{START_TIME+1h:yyyy-MM-dd'T'HH:mm:ss.SSS}Z%22</Url>
               <Headers>
                  <Header>
                     <Name>Content-Type</Name>
                     <Value>application/json;charset=utf-8</Value>
                  </Header>
               </Headers>
            </Request>
            <Credentials>
               <CredentialType>BASIC_AUTH</CredentialType>
               <CredentialName>FA_CRED</CredentialName>
            </Credentials>
            <IsSystem>0</IsSystem>
            <IsEnabled>1</IsEnabled>
         </LogEndpoint>
      </Endpoints>
      <Parsers>
         <Parser>
            <ParserSeq>1</ParserSeq>
            <ParserName>Fusion Apps: ESS Requests</ParserName>
         </Parser>
      </Parsers>
      <SourceFunctions>
         <SourceFunction lookupMode="1" lookupTable="FA_product_map" name="Lookup" order="101" overrideOutputFields="1">
            <SourceInputFields>
               <InputField lkCol="PRODUCT_ABBREVIATION" order="1" service="FIELD">udfs17</InputField>
            </SourceInputFields>
            <SourceOutputFields>
               <OutputField lkCol="PRODUCT_FAMILY_CODE" order="2" service="FIELD">udfs251</OutputField>
               <OutputField lkCol="PRODUCT_FAMILY_NAME" order="3" service="FIELD">udfs250</OutputField>
               <OutputField lkCol="PRODUCT_NAME" order="1" service="FIELD">udfs252</OutputField>
            </SourceOutputFields>
            <IsSystem>0</IsSystem>
            <IsEnabled>1</IsEnabled>
         </SourceFunction>
      </SourceFunctions>
      <IsHidden>0</IsHidden>
      <IsSMAEnabled>0</IsSMAEnabled>
      <Properties>
         <Property>
            <Name>management_agent.rest_api.filterdups</Name>
            <Value>false</Value>
         </Property>
      </Properties>
   </Source>
   <FieldNameMaps>
      <FieldNameMap>
         <Name>udfs172</Name>
         <DisplayName>dmsRID</DisplayName>
      </FieldNameMap>
      <FieldNameMap>
         <Name>udfs250</Name>
         <DisplayName>Product Family Name</DisplayName>
      </FieldNameMap>
      <FieldNameMap>
         <Name>udfs251</Name>
         <DisplayName>Product Family Code</DisplayName>
      </FieldNameMap>
      <FieldNameMap>
         <Name>udfs252</Name>
         <DisplayName>Product Name</DisplayName>
      </FieldNameMap>
      <FieldNameMap>
         <Name>udfs134</Name>
         <DisplayName>Cause Description</DisplayName>
      </FieldNameMap>
      <FieldNameMap>
         <Name>udfs135</Name>
         <DisplayName>Deployed Application Name</DisplayName>
      </FieldNameMap>
      <FieldNameMap>
         <Name>udfs136</Name>
         <DisplayName>ESS Schedule Name</DisplayName>
      </FieldNameMap>
      <FieldNameMap>
         <Name>udfs137</Name>
         <DisplayName>Enterprise ID</DisplayName>
      </FieldNameMap>
      <FieldNameMap>
         <Name>udfs138</Name>
         <DisplayName>Execution Mode</DisplayName>
      </FieldNameMap>
      <FieldNameMap>
         <Name>udfs139</Name>
         <DisplayName>Execution Type</DisplayName>
      </FieldNameMap>
      <FieldNameMap>
         <Name>udff6</Name>
         <DisplayName>ElapsedTime</DisplayName>
      </FieldNameMap>
      <FieldNameMap>
         <Name>udfs17</Name>
         <DisplayName>Product</DisplayName>
      </FieldNameMap>
      <FieldNameMap>
         <Name>udfs170</Name>
         <DisplayName>Submitter DmsECID</DisplayName>
      </FieldNameMap>
      <FieldNameMap>
         <Name>udfs171</Name>
         <DisplayName>Submitter GUID</DisplayName>
      </FieldNameMap>
      <FieldNameMap>
         <Name>udfs161</Name>
         <DisplayName>Request Type</DisplayName>
      </FieldNameMap>
      <FieldNameMap>
         <Name>udfl14</Name>
         <DisplayName>Retried Count</DisplayName>
      </FieldNameMap>
      <FieldNameMap>
         <Name>udfs162</Name>
         <DisplayName>Run As User</DisplayName>
      </FieldNameMap>
      <FieldNameMap>
         <Name>udfl15</Name>
         <DisplayName>Sub Request Set</DisplayName>
      </FieldNameMap>
      <FieldNameMap>
         <Name>udfs163</Name>
         <DisplayName>Schedule Description</DisplayName>
      </FieldNameMap>
      <FieldNameMap>
         <Name>udfs164</Name>
         <DisplayName>Schedule Display Name</DisplayName>
      </FieldNameMap>
      <FieldNameMap>
         <Name>udfs165</Name>
         <DisplayName>State</DisplayName>
      </FieldNameMap>
      <FieldNameMap>
         <Name>udfs166</Name>
         <DisplayName>State Description</DisplayName>
      </FieldNameMap>
      <FieldNameMap>
         <Name>udfs167</Name>
         <DisplayName>Step Id</DisplayName>
      </FieldNameMap>
      <FieldNameMap>
         <Name>udfs168</Name>
         <DisplayName>Submitter</DisplayName>
      </FieldNameMap>
      <FieldNameMap>
         <Name>udfs169</Name>
         <DisplayName>Submitter Dms RID</DisplayName>
      </FieldNameMap>
      <FieldNameMap>
         <Name>udfl10</Name>
         <DisplayName>Last Sub Request Set</DisplayName>
      </FieldNameMap>
      <FieldNameMap>
         <Name>udfl11</Name>
         <DisplayName>Parent Exec Attempt</DisplayName>
      </FieldNameMap>
      <FieldNameMap>
         <Name>udfl12</Name>
         <DisplayName>Paused Count</DisplayName>
      </FieldNameMap>
      <FieldNameMap>
         <Name>udfl13</Name>
         <DisplayName>Recurrences</DisplayName>
      </FieldNameMap>
      <FieldNameMap>
         <Name>udfd10</Name>
         <DisplayName>Scheduled Time</DisplayName>
      </FieldNameMap>
      <FieldNameMap>
         <Name>udfd11</Name>
         <DisplayName>StateChange Time</DisplayName>
      </FieldNameMap>
      <FieldNameMap>
         <Name>udfs160</Name>
         <DisplayName>Request Parameters</DisplayName>
      </FieldNameMap>
      <FieldNameMap>
         <Name>udfs150</Name>
         <DisplayName>Job Type</DisplayName>
      </FieldNameMap>
      <FieldNameMap>
         <Name>udfs151</Name>
         <DisplayName>Last Schedule Instance Id</DisplayName>
      </FieldNameMap>
      <FieldNameMap>
         <Name>udfs152</Name>
         <DisplayName>Links</DisplayName>
      </FieldNameMap>
      <FieldNameMap>
         <Name>udfs153</Name>
         <DisplayName>Process Group</DisplayName>
      </FieldNameMap>
      <FieldNameMap>
         <Name>udfs154</Name>
         <DisplayName>Process Phase</DisplayName>
      </FieldNameMap>
      <FieldNameMap>
         <Name>udfs155</Name>
         <DisplayName>Process Phase Description</DisplayName>
      </FieldNameMap>
      <FieldNameMap>
         <Name>udfs156</Name>
         <DisplayName>Request Mode</DisplayName>
      </FieldNameMap>
      <FieldNameMap>
         <Name>udfs157</Name>
         <DisplayName>Request Parameter Name</DisplayName>
      </FieldNameMap>
      <FieldNameMap>
         <Name>udfs158</Name>
         <DisplayName>Request Parameter Type</DisplayName>
      </FieldNameMap>
      <FieldNameMap>
         <Name>udfs159</Name>
         <DisplayName>Request Parameter Values</DisplayName>
      </FieldNameMap>
      <FieldNameMap>
         <Name>udfd9</Name>
         <DisplayName>ESS Requested Start Time</DisplayName>
      </FieldNameMap>
      <FieldNameMap>
         <Name>udfl9</Name>
         <DisplayName>Exec Attempt</DisplayName>
      </FieldNameMap>
      <FieldNameMap>
         <Name>udfs140</Name>
         <DisplayName>Instance Parent Id</DisplayName>
      </FieldNameMap>
      <FieldNameMap>
         <Name>udfs141</Name>
         <DisplayName>Is Async Recoverable</DisplayName>
      </FieldNameMap>
      <FieldNameMap>
         <Name>udfs142</Name>
         <DisplayName>Is Cancellable</DisplayName>
      </FieldNameMap>
      <FieldNameMap>
         <Name>udfs143</Name>
         <DisplayName>Is Force Cancel Allowed</DisplayName>
      </FieldNameMap>
      <FieldNameMap>
         <Name>udfs144</Name>
         <DisplayName>Is Holdable</DisplayName>
      </FieldNameMap>
      <FieldNameMap>
         <Name>udfs145</Name>
         <DisplayName>Is Recoverable</DisplayName>
      </FieldNameMap>
      <FieldNameMap>
         <Name>udfs146</Name>
         <DisplayName>Is Timed Out</DisplayName>
      </FieldNameMap>
      <FieldNameMap>
         <Name>udfs147</Name>
         <DisplayName>Job Definition Id</DisplayName>
      </FieldNameMap>
      <FieldNameMap>
         <Name>udfs148</Name>
         <DisplayName>Job Description</DisplayName>
      </FieldNameMap>
      <FieldNameMap>
         <Name>udfs149</Name>
         <DisplayName>Job Display Name</DisplayName>
      </FieldNameMap>
   </FieldNameMaps>
</LoganContent>
