<?xml version="1.0" encoding="UTF-8" standalone="no"?>
<LoganContent xmlns="http://www.oracle.com/DataCenter/LogAnalyticsStd" content_version="2.94.1.0.0" name="content_ocid1.tenancy.oc1..aaaaaaaa6djoii7i2kpa34pspgx6cepqc4ylxs5dz5xxwz3zoc3ddsbnsc2a_1726247330885" oms_version="2.94.1.0.0">
   <Parser oms_version="2.94.1.0.0" tokenize_orig_text="1" type="0">
      <Name>EM Cloud Control OMS EMCTL Log Format</Name>
      <DisplayName>EM Cloud Control OMS EMCTL Log Format</DisplayName>
      <Description>Standard log format for EMCC OMS control utility.</Description>
      <ParserContent>{TIMEDATE}\s+\[(.*?)\]\s+(\S+)\s+(.*)</ParserContent>
      <IsSingleLineContent>0</IsSingleLineContent>
      <HeaderContent>{TIMEDATE}\s+</HeaderContent>
      <ExampleContent>2024-08-12 09:58:41,513 [main] INFO  extensibility.EmctlMdsUtil - Altering session for nzdt mode mrs, setting nzdt mode to true. Edition passed  : EM135RU5RPU9
2024-08-12 09:58:42,047 [main] INFO  util.EmctlMetadataService - Returning MRS EcmMetadataOnlyRegistration from platform
2024-08-12 09:58:42,047 [main] WARN  util.EmctlMetadataService - Could not delete the temp directory /scratch/embpa/em/gc_inst/em/EMGC_OMS1/sysman/tmp/Intermediate_xsds properly
2024-08-12 09:58:42,080 [main] INFO  util.EmctlMetadataService - Done generating intermediate XSD at /scratch/embpa/em/gc_inst/em/EMGC_OMS1/sysman/tmp/Intermediate_xsds/EcmMetadataOnlyRe
gistration/self/Snapshot.xsd_self from stream sun.net.www.protocol.jar.JarURLConnection$JarURLInputStream@6c538eb2
2024-08-12 09:58:42,146 [main] INFO  util.EmctlMetadataService - EMSDKSnapshotParser.parse: Generated script:
DECLARE
  metadata_id            RAW(16);
  found                  INTEGER := 0;
BEGIN
  EXECUTE IMMEDIATE 'ALTER SESSION SET CONSTRAINTS = DEFERRED';

  --------------------------------------------
  -- Registering metadata CPU Configuration for target type host and snapshot type oracle_si_cpu_config
  --------------------------------------------
2024-08-12 09:58:42,147 [main] INFO  util.EmctlMetadataService - Returning MRS EcmMetadataOnlyRegistration from platform
2024-08-12 09:58:42,149 [main] WARN  util.EmctlMetadataService - Could not delete the temp directory /scratch/embpa/em/gc_inst/em/EMGC_OMS1/sysman/tmp/Intermediate_xsds properly</ExampleContent>
      <IsSystem>0</IsSystem>
      <Encoding>UTF-8</Encoding>
      <Language>en_US</Language>
      <ParserFields>
         <ParserField>
            <FieldSeq>3</FieldSeq>
            <FieldName>msg</FieldName>
         </ParserField>
         <ParserField>
            <FieldSeq>2</FieldSeq>
            <FieldName>sevlvl</FieldName>
         </ParserField>
         <ParserField>
            <FieldSeq>1</FieldSeq>
            <FieldName>thread</FieldName>
         </ParserField>
      </ParserFields>
      <WrittenOnce>0</WrittenOnce>
      <IsDefaultParser>1</IsDefaultParser>
   </Parser>
   <Source configWarningSettings="0" name="EMCC OMS EMCTL Logs" oms_version="2.94.1.0.0">
      <SourceType>os_file</SourceType>
      <TargetTypes>
         <TargetType>custom_oem_oms</TargetType>
      </TargetTypes>
      <DisplayName>EMCC OMS EMCTL Logs</DisplayName>
      <Description>EM Cloud Control Management Server (OMS) control logs</Description>
      <IsSystem>0</IsSystem>
      <IsSecureContent>1</IsSecureContent>
      <Patterns>
         <Pattern>
            <Value>{InstanceHome}/sysman/log/emctl*</Value>
            <IsInclude>1</IsInclude>
            <InUse>1</InUse>
            <IsSystem>0</IsSystem>
            <IsEnabled>1</IsEnabled>
         </Pattern>
      </Patterns>
      <Parsers>
         <Parser>
            <ParserSeq>1</ParserSeq>
            <ParserName>EM Cloud Control OMS EMCTL Log Format</ParserName>
         </Parser>
      </Parsers>
      <IsHidden>0</IsHidden>
      <IsSMAEnabled>0</IsSMAEnabled>
   </Source>
</LoganContent>
