<?xml version="1.0" encoding="UTF-8" standalone="no"?>
<LoganContent xmlns="http://www.oracle.com/DataCenter/LogAnalyticsStd" content_version="2.94.1.0.0" name="content_ocid1.tenancy.oc1..aaaaaaaa6djoii7i2kpa34pspgx6cepqc4ylxs5dz5xxwz3zoc3ddsbnsc2a_1726247312211" oms_version="2.94.1.0.0">
   <Parser oms_version="2.94.1.0.0" tokenize_orig_text="1" type="0">
      <Name>EM Cloud Control OMS Log Format</Name>
      <DisplayName>EM Cloud Control OMS Log Format</DisplayName>
      <Description>Standard log format for EMCC OMS Server logs</Description>
      <ParserContent>{TIMEDATE}\s+\[(.*?)\]\s+(\w+)\s+(.*?)\s+(.*?).(\d*)\s+-\s*(.*)</ParserContent>
      <IsSingleLineContent>0</IsSingleLineContent>
      <HeaderContent>{TIMEDATE}\s+\[(.*)\]\s+</HeaderContent>
      <ExampleContent>2013-06-20 11:19:39,286 [[ACTIVE] ExecuteThread: '0' for queue: 'weblogic.kernel.Default (self-tuning)'] WARN status.EMPluginDeploymentStatusHelper logp.251 - Not using OMS information when getting current deployment status
2024-08-12 08:34:50,434 [PbsAdminMsgListener] WARN  omsproperties.OMSLoggingPropertyChangeHandler handlePropertyChange.92 - configured successfully</ExampleContent>
      <IsSystem>0</IsSystem>
      <Encoding>UTF-8</Encoding>
      <Language>en_US</Language>
      <ParserFields>
         <ParserField>
            <FieldSeq>5</FieldSeq>
            <FieldName>linenum</FieldName>
         </ParserField>
         <ParserField>
            <FieldSeq>4</FieldSeq>
            <FieldName>method</FieldName>
         </ParserField>
         <ParserField>
            <FieldSeq>3</FieldSeq>
            <FieldName>mod</FieldName>
         </ParserField>
         <ParserField>
            <FieldSeq>6</FieldSeq>
            <FieldName>msg</FieldName>
         </ParserField>
         <ParserField>
            <FieldSeq>2</FieldSeq>
            <FieldName>sevlvl</FieldName>
         </ParserField>
         <ParserField>
            <FieldSeq>1</FieldSeq>
            <FieldName>thread</FieldName>
         </ParserField>
      </ParserFields>
      <WrittenOnce>0</WrittenOnce>
      <IsDefaultParser>1</IsDefaultParser>
   </Parser>
   <Source configWarningSettings="0" name="EMCC OMS Logs" oms_version="2.94.1.0.0">
      <SourceType>os_file</SourceType>
      <TargetTypes>
         <TargetType>custom_oem_oms</TargetType>
      </TargetTypes>
      <DisplayName>EMCC OMS Logs</DisplayName>
      <Description>EM Cloud Control Management Server (OMS) control, secure, diagnostics, server logs</Description>
      <IsSystem>0</IsSystem>
      <IsSecureContent>1</IsSecureContent>
      <Patterns>
         <Pattern>
            <Value>{InstanceHome}/sysman/log/secure.log</Value>
            <IsInclude>1</IsInclude>
            <InUse>1</InUse>
            <IsSystem>0</IsSystem>
            <IsEnabled>1</IsEnabled>
         </Pattern>
         <Pattern>
            <Value>{InstanceHome}/sysman/log/emoms*</Value>
            <IsInclude>1</IsInclude>
            <InUse>1</InUse>
            <IsSystem>0</IsSystem>
            <IsEnabled>1</IsEnabled>
         </Pattern>
      </Patterns>
      <Parsers>
         <Parser>
            <ParserSeq>1</ParserSeq>
            <ParserName>EM Cloud Control OMS Log Format</ParserName>
         </Parser>
      </Parsers>
      <TagConditions>
         <TagCondition alertRuleVisible="0" field="msg" operator="CONTAINS">
            <ConditionValues>
               <ConditionValue>AlterCollectionStatus: Failed to AlterCollectionStatus:</ConditionValue>
            </ConditionValues>
            <ConditionTags tagField="mtag">
               <ConditionTag>applerr</ConditionTag>
            </ConditionTags>
            <IsSystem>0</IsSystem>
            <IsEnabled>1</IsEnabled>
         </TagCondition>
         <TagCondition alertRuleVisible="0" field="msg" operator="CONTAINS">
            <ConditionValues>
               <ConditionValue> previous job is still running</ConditionValue>
               <ConditionValue>java.sql.SQLException: ORA-20654: Can not run job</ConditionValue>
            </ConditionValues>
            <ConditionTags tagField="mtag">
               <ConditionTag>applerr</ConditionTag>
            </ConditionTags>
            <IsSystem>0</IsSystem>
            <IsEnabled>1</IsEnabled>
         </TagCondition>
         <TagCondition alertRuleVisible="0" field="msg" operator="CONTAINS">
            <ConditionValues>
               <ConditionValue>Error message returned for plugin</ConditionValue>
            </ConditionValues>
            <ConditionTags tagField="mtag">
               <ConditionTag>applerr</ConditionTag>
            </ConditionTags>
            <IsSystem>0</IsSystem>
            <IsEnabled>1</IsEnabled>
         </TagCondition>
         <TagCondition alertRuleVisible="0" field="msg" operator="CONTAINS">
            <ConditionValues>
               <ConditionValue>Unable to connect to the agent at</ConditionValue>
            </ConditionValues>
            <ConditionTags tagField="mtag">
               <ConditionTag>connerr</ConditionTag>
            </ConditionTags>
            <IsSystem>0</IsSystem>
            <IsEnabled>1</IsEnabled>
         </TagCondition>
         <TagCondition alertRuleVisible="0" field="msg" operator="CONTAINS">
            <ConditionValues>
               <ConditionValue>java.sql.SQLException: IO Error: The Network Adapter could not establish the connection</ConditionValue>
            </ConditionValues>
            <ConditionTags tagField="mtag">
               <ConditionTag>connerr</ConditionTag>
            </ConditionTags>
            <IsSystem>0</IsSystem>
            <IsEnabled>1</IsEnabled>
         </TagCondition>
         <TagCondition alertRuleVisible="0" field="msg" operator="CONTAINS">
            <ConditionValues>
               <ConditionValue>java.net.ConnectException: Connection refused</ConditionValue>
            </ConditionValues>
            <ConditionTags tagField="mtag">
               <ConditionTag>connerr</ConditionTag>
            </ConditionTags>
            <IsSystem>0</IsSystem>
            <IsEnabled>1</IsEnabled>
         </TagCondition>
         <TagCondition alertRuleVisible="0" field="msg" operator="CONTAINS">
            <ConditionValues>
               <ConditionValue>IO Error: The Network Adapter could not establish the connection</ConditionValue>
            </ConditionValues>
            <ConditionTags tagField="mtag">
               <ConditionTag>connerr</ConditionTag>
            </ConditionTags>
            <IsSystem>0</IsSystem>
            <IsEnabled>1</IsEnabled>
         </TagCondition>
         <TagCondition alertRuleVisible="0" field="msg" operator="CONTAINS">
            <ConditionValues>
               <ConditionValue>unable to find valid certification path to requested target</ConditionValue>
            </ConditionValues>
            <ConditionTags tagField="mtag">
               <ConditionTag>connerr</ConditionTag>
            </ConditionTags>
            <IsSystem>0</IsSystem>
            <IsEnabled>1</IsEnabled>
         </TagCondition>
         <TagCondition alertRuleVisible="0" field="msg" operator="CONTAINS">
            <ConditionValues>
               <ConditionValue>Caught a SQL exception trying to execute pie chart query</ConditionValue>
            </ConditionValues>
            <ConditionTags tagField="mtag">
               <ConditionTag>datainc</ConditionTag>
            </ConditionTags>
            <IsSystem>0</IsSystem>
            <IsEnabled>1</IsEnabled>
         </TagCondition>
         <TagCondition alertRuleVisible="0" field="msg" operator="CONTAINS">
            <ConditionValues>
               <ConditionValue>Error while executing trace log ORA-01438:</ConditionValue>
            </ConditionValues>
            <ConditionTags tagField="mtag">
               <ConditionTag>datainc</ConditionTag>
            </ConditionTags>
            <IsSystem>0</IsSystem>
            <IsEnabled>1</IsEnabled>
         </TagCondition>
         <TagCondition alertRuleVisible="0" field="msg" operator="CONTAINS">
            <ConditionValues>
               <ConditionValue>503 Service Unavailable</ConditionValue>
            </ConditionValues>
            <ConditionTags tagField="mtag">
               <ConditionTag>httperr</ConditionTag>
            </ConditionTags>
            <IsSystem>0</IsSystem>
            <IsEnabled>1</IsEnabled>
         </TagCondition>
         <TagCondition alertRuleVisible="0" field="msg" operator="CONTAINS">
            <ConditionValues>
               <ConditionValue>oracle.sysman.emo.perf.metric.eng.MetricCollectorTimeoutException: null</ConditionValue>
            </ConditionValues>
            <ConditionTags tagField="mtag">
               <ConditionTag>timeout</ConditionTag>
            </ConditionTags>
            <IsSystem>0</IsSystem>
            <IsEnabled>1</IsEnabled>
         </TagCondition>
         <TagCondition alertRuleVisible="0" field="msg" operator="CONTAINS">
            <ConditionValues>
               <ConditionValue>java.net.SocketTimeoutException: Connect Timeout</ConditionValue>
            </ConditionValues>
            <ConditionTags tagField="mtag">
               <ConditionTag>timeout</ConditionTag>
               <ConditionTag>sockettimeout</ConditionTag>
            </ConditionTags>
            <IsSystem>0</IsSystem>
            <IsEnabled>1</IsEnabled>
         </TagCondition>
      </TagConditions>
      <IsHidden>0</IsHidden>
      <IsSMAEnabled>0</IsSMAEnabled>
   </Source>
</LoganContent>
