<?xml version="1.0" encoding="UTF-8" standalone="no"?>
<LoganContent xmlns="http://www.oracle.com/DataCenter/LogAnalyticsStd" content_version="2.80.1.0.0" name="content_ocid1.tenancy.oc1..aaaaaaaa53uu2d7z77v44jhvjsinojzsxjroeutt3ty5wqhp46izfg4o7pda_1701961748337" oms_version="2.80.1.0.0">
   <Parser oms_version="2.80.1.0.0" tokenize_orig_text="1" type="6">
      <Name>OCI Integration Audit Log Format</Name>
      <DisplayName>OCI Integration Audit Log Format</DisplayName>
      <Description>Oracle Cloud Infrastructure Integration (OIC) Audit Log Format</Description>
      <IsSingleLineContent>0</IsSingleLineContent>
      <HeaderContent>$.items:2</HeaderContent>
      <ExampleContent>{
    "items": [
        {
            "auditTrailMessage": "Tue Oct 24 21:30:31 UTC 2023 - User royce.fu@oracle.com activated Integration Oracle Hello World Invoke (1.0.2)",
            "operationName": "activate",
            "resourceCode": "ORCL-R-HELLO_WORLD_INVOKE",
            "resourceName": "Oracle Hello World Invoke",
            "resourceType": "ICS_ProjectV2",
            "resourceVersion": "01.00.0002",
            "timeStamp": "2023-10-24T21:30:31.890+0000",
            "userName": "royce.fu@oracle.com"
        },
        {
            "auditTrailMessage": "Tue Oct 24 21:30:31 UTC 2023 - User royce.fu@oracle.com Integration Oracle Hello World Invoke (1.0.2) Deployment Phase Completed",
            "operationName": "activate_phase_change",
            "resourceCode": "ORCL-R-HELLO_WORLD_INVOKE",
            "resourceName": "Oracle Hello World Invoke",
            "resourceType": "ICS_ProjectV2",
            "resourceVersion": "01.00.0002",
            "timeStamp": "2023-10-24T21:30:31.889+0000",
            "userName": "royce.fu@oracle.com"
        },
        {
            "auditTrailMessage": "Tue Oct 24 21:30:21 UTC 2023 - User royce.fu@oracle.com Integration Oracle Hello World Invoke (1.0.2) Generation Phase Completed",
            "operationName": "activate_phase_change",
            "resourceCode": "ORCL-R-HELLO_WORLD_INVOKE",
            "resourceName": "Oracle Hello World Invoke",
            "resourceType": "ICS_ProjectV2",
            "resourceVersion": "01.00.0002",
            "timeStamp": "2023-10-24T21:30:21.813+0000",
            "userName": "royce.fu@oracle.com"
        },
        {
            "auditTrailMessage": "Tue Oct 24 21:30:17 UTC 2023 - User royce.fu@oracle.com Integration Oracle Hello World Invoke (1.0.2) Synchronization of Endpoint Properties Completed",
            "operationName": "activate_phase_change",
            "resourceCode": "ORCL-R-HELLO_WORLD_INVOKE",
            "resourceName": "Oracle Hello World Invoke",
            "resourceType": "ICS_ProjectV2",
            "resourceVersion": "01.00.0002",
            "timeStamp": "2023-10-24T21:30:17.967+0000",
            "userName": "royce.fu@oracle.com"
        },
        {
            "auditTrailMessage": "Tue Oct 24 21:30:17 UTC 2023 - User royce.fu@oracle.com Integration Oracle Hello World Invoke (1.0.2) Synchronization of Endpoint Properties Started",
            "operationName": "activate_phase_change",
            "resourceCode": "ORCL-R-HELLO_WORLD_INVOKE",
            "resourceName": "Oracle Hello World Invoke",
            "resourceType": "ICS_ProjectV2",
            "resourceVersion": "01.00.0002",
            "timeStamp": "2023-10-24T21:30:17.777+0000",
            "userName": "royce.fu@oracle.com"
        },
        {
            "auditTrailMessage": "Tue Oct 24 21:30:17 UTC 2023 - User royce.fu@oracle.com Integration Oracle Hello World Invoke (1.0.2) Generation Phase Started",
            "operationName": "activate_phase_change",
            "resourceCode": "ORCL-R-HELLO_WORLD_INVOKE",
            "resourceName": "Oracle Hello World Invoke",
            "resourceType": "ICS_ProjectV2",
            "resourceVersion": "01.00.0002",
            "timeStamp": "2023-10-24T21:30:17.687+0000",
            "userName": "royce.fu@oracle.com"
        },
        {
            "auditTrailMessage": "Tue Oct 24 21:30:17 UTC 2023 - User royce.fu@oracle.com Integration Oracle Hello World Invoke (1.0.2) state was changed from CONFIGURED to ACTIVATION_INPROGRESS",
            "operationName": "state_change",
            "resourceCode": "ORCL-R-HELLO_WORLD_INVOKE",
            "resourceName": "Oracle Hello World Invoke",
            "resourceType": "ICS_ProjectV2",
            "resourceVersion": "01.00.0002",
            "timeStamp": "2023-10-24T21:30:17.264+0000",
            "userName": "royce.fu@oracle.com"
        },
        {
            "auditTrailMessage": "Tue Oct 24 21:30:05 UTC 2023 - User royce.fu@oracle.com unlocked Connection ORCL-BRT-REST-SAMPLE_ENDPOINT",
            "operationName": "unlock",
            "resourceCode": "ORCL-BRT-REST-SAMPLE_ENDPOINT",
            "resourceName": "ORCL-BRT-REST-SAMPLE_ENDPOINT",
            "resourceType": "ICS_AppInstance",
            "timeStamp": "2023-10-24T21:30:05.267+0000",
            "userName": "royce.fu@oracle.com"
        },
        {
            "auditTrailMessage": "Tue Oct 24 21:30:02 UTC 2023 - User royce.fu@oracle.com updated Connection Oracle REST Sample Endpoint Interface",
            "operationName": "update",
            "resourceCode": "ORCL-BRT-REST-SAMPLE_ENDPOINT",
            "resourceName": "Oracle REST Sample Endpoint Interface",
            "resourceType": "ICS_AppInstance",
            "timeStamp": "2023-10-24T21:30:02.212+0000",
            "userName": "royce.fu@oracle.com"
        },
        {
            "auditTrailMessage": "Tue Oct 24 21:29:46 UTC 2023 - User royce.fu@oracle.com locked Connection ORCL-BRT-REST-SAMPLE_ENDPOINT",
            "operationName": "lock",
            "resourceCode": "ORCL-BRT-REST-SAMPLE_ENDPOINT",
            "resourceName": "ORCL-BRT-REST-SAMPLE_ENDPOINT",
            "resourceType": "ICS_AppInstance",
            "timeStamp": "2023-10-24T21:29:46.279+0000",
            "userName": "royce.fu@oracle.com"
        },
        {
            "auditTrailMessage": "Tue Oct 24 21:29:33 UTC 2023 - User royce.fu@oracle.com unlocked Integration ORCL-R-HELLO_WORLD_INVOKE (1.0.2)",
            "operationName": "unlock",
            "resourceCode": "ORCL-R-HELLO_WORLD_INVOKE",
            "resourceName": "ORCL-R-HELLO_WORLD_INVOKE",
            "resourceType": "ICS_ProjectV2",
            "resourceVersion": "01.00.0002",
            "timeStamp": "2023-10-24T21:29:33.526+0000",
            "userName": "royce.fu@oracle.com"
        },
        {
            "auditTrailMessage": "Tue Oct 24 21:26:18 UTC 2023 - User royce.fu@oracle.com locked Integration ORCL-R-HELLO_WORLD_INVOKE (1.0.2)",
            "operationName": "lock",
            "resourceCode": "ORCL-R-HELLO_WORLD_INVOKE",
            "resourceName": "ORCL-R-HELLO_WORLD_INVOKE",
            "resourceType": "ICS_ProjectV2",
            "resourceVersion": "01.00.0002",
            "timeStamp": "2023-10-24T21:26:18.458+0000",
            "userName": "royce.fu@oracle.com"
        },
        {
            "auditTrailMessage": "Tue Oct 24 21:25:53 UTC 2023 - User royce.fu@oracle.com unlocked Integration ORCL-R-HELLO_WORLD_INVOKE (1.0.2)",
            "operationName": "unlock",
            "resourceCode": "ORCL-R-HELLO_WORLD_INVOKE",
            "resourceName": "ORCL-R-HELLO_WORLD_INVOKE",
            "resourceType": "ICS_ProjectV2",
            "resourceVersion": "01.00.0002",
            "timeStamp": "2023-10-24T21:25:53.598+0000",
            "userName": "royce.fu@oracle.com"
        },
        {
            "auditTrailMessage": "Tue Oct 24 21:23:39 UTC 2023 - User royce.fu@oracle.com unlocked Connection ORCL-BRT-REST-SAMPLE_H_W_INVOKE",
            "operationName": "unlock",
            "resourceCode": "ORCL-BRT-REST-SAMPLE_H_W_INVOKE",
            "resourceName": "ORCL-BRT-REST-SAMPLE_H_W_INVOKE",
            "resourceType": "ICS_AppInstance",
            "timeStamp": "2023-10-24T21:23:39.049+0000",
            "userName": "royce.fu@oracle.com"
        },
        {
            "auditTrailMessage": "Tue Oct 24 21:23:33 UTC 2023 - User royce.fu@oracle.com updated Connection Oracle REST Sample Hello World Invoke",
            "operationName": "update",
            "resourceCode": "ORCL-BRT-REST-SAMPLE_H_W_INVOKE",
            "resourceName": "Oracle REST Sample Hello World Invoke",
            "resourceType": "ICS_AppInstance",
            "timeStamp": "2023-10-24T21:23:33.988+0000",
            "userName": "royce.fu@oracle.com"
        }
    ],
    "links": [
        {
            "href": "https://oicgen2-orasenatdpltsecitom02-ia.integration.ocp.oraclecloud.com:443/ic/api/integration/v1/monitoring/auditRecords",
            "rel": "self"
        },
        {
            "href": "https://oicgen2-orasenatdpltsecitom02-ia.integration.ocp.oraclecloud.com:443/ic/api/integration/v1/monitoring/auditRecords",
            "rel": "canonical"
        }
    ],
    "totalResults": "28"
}</ExampleContent>
      <IsSystem>0</IsSystem>
      <Encoding>UTF-8</Encoding>
      <Language>en_US</Language>
      <ParserFields>
         <ParserField>
            <FieldSeq>1</FieldSeq>
            <FieldName>audref</FieldName>
            <StructuredColInfo>$.auditTrailMessage</StructuredColInfo>
         </ParserField>
         <ParserField>
            <FieldSeq>7</FieldSeq>
            <FieldName>firstevnttime</FieldName>
            <StructuredColInfo>$.timeStamp</StructuredColInfo>
         </ParserField>
         <ParserField>
            <FieldSeq>4</FieldSeq>
            <FieldName>ocirsrcname</FieldName>
            <StructuredColInfo>$.resourceName</StructuredColInfo>
         </ParserField>
         <ParserField>
            <FieldSeq>3</FieldSeq>
            <FieldName>rsrcid</FieldName>
            <StructuredColInfo>$.resourceCode</StructuredColInfo>
         </ParserField>
         <ParserField>
            <FieldSeq>2</FieldSeq>
            <FieldName>rsrcops</FieldName>
            <StructuredColInfo>$.operationName</StructuredColInfo>
         </ParserField>
         <ParserField>
            <FieldSeq>5</FieldSeq>
            <FieldName>rsrctype</FieldName>
            <StructuredColInfo>$.resourceType</StructuredColInfo>
         </ParserField>
         <ParserField>
            <FieldSeq>6</FieldSeq>
            <FieldName>rsrcver</FieldName>
            <StructuredColInfo>$.resourceVersion</StructuredColInfo>
         </ParserField>
         <ParserField>
            <FieldSeq>8</FieldSeq>
            <FieldName>usrname</FieldName>
            <StructuredColInfo>$.userName</StructuredColInfo>
         </ParserField>
      </ParserFields>
      <WrittenOnce>0</WrittenOnce>
      <IsDefaultParser>1</IsDefaultParser>
   </Parser>
   <Source configWarningSettings="0" name="OCI Integration Audit Logs" oms_version="2.80.1.0.0">
      <SourceType>os_file</SourceType>
      <TargetTypes>
         <TargetType>omc_opc_ics_integration</TargetType>
      </TargetTypes>
      <DisplayName>OCI Integration Audit Logs</DisplayName>
      <Description>Oracle Cloud Infrastructure Integration (OIC) Audit Logs</Description>
      <IsSystem>0</IsSystem>
      <IsSecureContent>1</IsSecureContent>
      <Parsers>
         <Parser>
            <ParserSeq>1</ParserSeq>
            <ParserName>OCI Integration Audit Log Format</ParserName>
         </Parser>
      </Parsers>
      <IsHidden>0</IsHidden>
      <IsSMAEnabled>0</IsSMAEnabled>
   </Source>
</LoganContent>
