<?xml version="1.0" encoding="UTF-8" standalone="no"?>
<LoganContent xmlns="http://www.oracle.com/DataCenter/LogAnalyticsStd" content_version="2.94.1.0.0" name="content_ocid1.tenancy.oc1..aaaaaaaa6djoii7i2kpa34pspgx6cepqc4ylxs5dz5xxwz3zoc3ddsbnsc2a_1725865123491" oms_version="2.94.1.0.0">
   <Parser oms_version="2.94.1.0.0" tokenize_orig_text="1" type="0">
      <Name>EM Cloud Control OMS STDOUT Log Format</Name>
      <DisplayName>EM Cloud Control OMS STDOUT Log Format</DisplayName>
      <Description>Log format for EMCC OMS stdout redirected log files</Description>
      <ParserContent>&lt;{TIMEDATE}&gt;\s+&lt;(.*?)&gt;\s+&lt;(.*?)&gt;\s+&lt;(.*?)&gt;\s+&lt;(.*)</ParserContent>
      <IsSingleLineContent>0</IsSingleLineContent>
      <HeaderContent>&lt;{TIMEDATE}&gt;\s+</HeaderContent>
      <ExampleContent>&lt;Dec 23, 2013 6:06:04 PM PST&gt; &lt;Notice&gt; &lt;WebLogicServer&gt; &lt;BEA-000365&gt; &lt;Server state changed to STANDBY&gt;
&lt;Aug 12, 2024 11:06:19,846 AM UTC&gt; &lt;Warning&gt; &lt;oracle.adfinternal.controller.beans.ManagedBeanFactory&gt; &lt;ADFC-60007&gt; &lt;ADFc: Managed bean 'core_uifwk_targetSearch_home_disclose', implemented by 'oracle.sysman.core.uifwk.ui.targetSearch.DiscloseState', defined in '/WEB-INF/core/uifwk/targetSearch/adfc-config.xml in zip:/scratch/embpa/em/gc_inst/user_projects/domains/GCDomain/servers/EMGC_OMS1/tmp/_WL_user/emcore/4ago8u/WEB-INF/lib/em-core-uifwk-ui.jar!/WEB-INF/core/uifwk/targetSearch/adfc-config.xml', does not implement Serializable and will be placed in 'pageFlow' scope, which might be serialized.&gt; 
&lt;Aug 12, 2024 11:06:29,822 AM UTC&gt; &lt;Warning&gt; &lt;oracle.adf.share.ADFContext&gt; &lt;BEA-000000&gt; &lt;Automatically initializing a DefaultContext for getCurrent. Caller should ensure that a DefaultContext is proper for this use. Memory leaks and/or unexpected behaviour may occur if the automatic initialization is performed improperly. This message may be avoided by performing initADFContext before using getCurrent().&gt; 
&lt;Aug 12, 2024 11:06:29,843 AM UTC&gt; &lt;Warning&gt; &lt;oracle.adf.share.http.ServletADFContext&gt; &lt;BEA-000000&gt; &lt;Found oracle.adf.share.DefaultContext sticking to oldContext, while the current application is emgc&gt; 
&lt;Aug 12, 2024 11:06:29,845 AM UTC&gt; &lt;Error&gt; &lt;oracle.adf.share.ADFContext&gt; &lt;BEA-000000&gt; &lt;ADFContext leak detected.
java.lang.Throwable: DIAGNOSTIC AID
        at oracle.adf.share.ADFContext.setAsCurrent(ADFContext.java:1667)
        at oracle.adf.share.ADFContext.resetADFContext(ADFContext.java:2910)
</ExampleContent>
      <IsSystem>0</IsSystem>
      <Encoding>UTF-8</Encoding>
      <Language>en_US</Language>
      <ParserFields>
         <ParserField>
            <FieldSeq>3</FieldSeq>
            <FieldName>errid</FieldName>
         </ParserField>
         <ParserField>
            <FieldSeq>2</FieldSeq>
            <FieldName>mod</FieldName>
         </ParserField>
         <ParserField>
            <FieldSeq>4</FieldSeq>
            <FieldName>msg</FieldName>
         </ParserField>
         <ParserField>
            <FieldSeq>1</FieldSeq>
            <FieldName>sevlvl</FieldName>
         </ParserField>
      </ParserFields>
      <WrittenOnce>0</WrittenOnce>
      <IsDefaultParser>1</IsDefaultParser>
   </Parser>
   <Source configWarningSettings="0" name="EM Cloud Control OMS STDOUT Logs" oms_version="2.94.1.0.0">
      <SourceType>os_file</SourceType>
      <TargetTypes>
         <TargetType>omc_host_linux</TargetType>
      </TargetTypes>
      <DisplayName>EM Cloud Control OMS STDOUT Logs</DisplayName>
      <Description>EM Cloud Control Management Server (OMS) Standard Out logs</Description>
      <IsSystem>0</IsSystem>
      <IsSecureContent>1</IsSecureContent>
      <Patterns>
         <Pattern>
            <Value>{InstanceHome}/../../user_projects/domains/*/servers/EMGC_OMS*/logs/EMGC_OMS*.out</Value>
            <IsInclude>1</IsInclude>
            <InUse>1</InUse>
            <IsSystem>0</IsSystem>
            <IsEnabled>1</IsEnabled>
         </Pattern>
      </Patterns>
      <Parsers>
         <Parser>
            <ParserSeq>1</ParserSeq>
            <ParserName>EM Cloud Control OMS STDOUT Log Format</ParserName>
         </Parser>
      </Parsers>
      <IsHidden>0</IsHidden>
      <IsSMAEnabled>0</IsSMAEnabled>
   </Source>
</LoganContent>
