<?xml version="1.0" encoding="UTF-8" standalone="no"?>
<LoganContent xmlns="http://www.oracle.com/DataCenter/LogAnalyticsStd" content_version="2.94.1.0.0" name="content_ocid1.tenancy.oc1..aaaaaaaa6djoii7i2kpa34pspgx6cepqc4ylxs5dz5xxwz3zoc3ddsbnsc2a_1725865126939" oms_version="2.94.1.0.0">
   <Parser oms_version="2.94.1.0.0" tokenize_orig_text="1" type="0">
      <Name>EM Cloud Control OMS Access Log Format</Name>
      <DisplayName>EM Cloud Control OMS Access Log Format</DisplayName>
      <Description>Standard log format for EMCC OMS Access Log</Description>
      <ParserContent>{TIMEDATE}\s+(\S*)\s+(\S*)\s+(\S*)\s+(\S*)\s+(\S*)\s+(\S*)</ParserContent>
      <IsSingleLineContent>1</IsSingleLineContent>
      <ExampleContent>2024-08-09	14:13:53	GET	0000P4mDiSADwWmpSoWByc1ahC_500000C	0:122:1	/empbs/upload?ACTION=HEARTBEAT&amp;EMD_URL=https&amp;#37;3A&amp;#37;2F&amp;#37;2Fdbserver-2.localdomain&amp;#37;3A3872&amp;#37;2Femd&amp;#37;2Fmain&amp;#37;2F&amp;HEARTBEAT_TIME=2024-08-09&amp;#43;14&amp;#37;3A13&amp;#37;3A52&amp;OUTSTANDING_SEVS=FALSE&amp;EMD_UPTIME=2024-08-08&amp;#43;15&amp;#37;3A33&amp;#37;3A53&amp;OLDEST_COLL_TIME=2024-08-09&amp;#43;14&amp;#37;3A13&amp;#37;3A52&amp;INSTALL_TYPE=agent&amp;	200	0
2024-08-09      15:09:02        GET     cf141dec-9610-4ea3-ad02-a6897862527d-00000002   0:2     /em/faces/logon/core-uifwk-console-login        200     27735</ExampleContent>
      <IsSystem>0</IsSystem>
      <Encoding>UTF-8</Encoding>
      <Language>en_US</Language>
      <ParserFields>
         <ParserField>
            <FieldSeq>6</FieldSeq>
            <FieldName>contsz</FieldName>
         </ParserField>
         <ParserField>
            <FieldSeq>2</FieldSeq>
            <FieldName>ecidid</FieldName>
         </ParserField>
         <ParserField>
            <FieldSeq>3</FieldSeq>
            <FieldName>ecidrelid</FieldName>
         </ParserField>
         <ParserField>
            <FieldSeq>1</FieldSeq>
            <FieldName>method</FieldName>
         </ParserField>
         <ParserField>
            <FieldSeq>5</FieldSeq>
            <FieldName>statcode</FieldName>
         </ParserField>
         <ParserField>
            <FieldSeq>4</FieldSeq>
            <FieldName>uri</FieldName>
         </ParserField>
      </ParserFields>
      <WrittenOnce>0</WrittenOnce>
      <IsDefaultParser>1</IsDefaultParser>
      <InUse>1</InUse>
   </Parser>
   <Source configWarningSettings="2" name="EM Cloud Control OMS Access Logs" oms_version="2.94.1.0.0">
      <SourceType>os_file</SourceType>
      <TargetTypes>
         <TargetType>omc_host_linux</TargetType>
      </TargetTypes>
      <DisplayName>EM Cloud Control OMS Access Logs</DisplayName>
      <Description>EM Cloud Control Management Server (OMS) Access logs</Description>
      <IsSystem>0</IsSystem>
      <IsSecureContent>1</IsSecureContent>
      <Patterns>
         <Pattern>
            <Value>{InstanceHome}/../../user_projects/domains/GCDomain/servers/EMGC_OMS1/logs/access.log*</Value>
            <Description>Log Path for Weblogic 12c</Description>
            <IsInclude>1</IsInclude>
            <InUse>1</InUse>
            <IsSystem>0</IsSystem>
            <IsEnabled>1</IsEnabled>
         </Pattern>
      </Patterns>
      <Parsers>
         <Parser>
            <ParserSeq>1</ParserSeq>
            <ParserName>EM Cloud Control OMS Access Log Format</ParserName>
         </Parser>
      </Parsers>
      <IsHidden>0</IsHidden>
      <IsSMAEnabled>0</IsSMAEnabled>
   </Source>
</LoganContent>
