<?xml version="1.0" encoding="UTF-8" standalone="no"?>
<LoganContent xmlns="http://www.oracle.com/DataCenter/LogAnalyticsStd" content_version="2.96.2.0.0" name="content_ocid1.tenancy.oc1..aaaaaaaa53uu2d7z77v44jhvjsinojzsxjroeutt3ty5wqhp46izfg4o7pda_1729774012564" oms_version="2.96.2.0.0">
   <Field oms_version="2.96.2.0.0">
      <DisplayName>Alert Severity Text</DisplayName>
      <Description>Alert Severity in String format</Description>
      <FieldType>1</FieldType>
      <IsSystem>0</IsSystem>
      <IsPrimary>1</IsPrimary>
      <DataType>STRING</DataType>
      <IsMetricKeyEligible>0</IsMetricKeyEligible>
      <IsMetricValueEligible>0</IsMetricValueEligible>
      <FacetEligible>1</FacetEligible>
      <RangeFacetEligible>0</RangeFacetEligible>
      <TableEligible>1</TableEligible>
      <FacetPriority>1</FacetPriority>
      <Summarizable>1</Summarizable>
      <HighCardinality>1</HighCardinality>
      <LargeData>0</LargeData>
      <MultiValued>0</MultiValued>
      <SMAEnabledSetting>0</SMAEnabledSetting>
   </Field>
   <Parser oms_version="2.96.2.0.0" tokenize_orig_text="1" type="6">
      <Name>ZFS_alert_log_parser</Name>
      <DisplayName>ZFS_alert_log_parser</DisplayName>
      <IsSingleLineContent>0</IsSingleLineContent>
      <HeaderContent>$.logs:2</HeaderContent>
      <ExampleContent>{"logs":[{"timestamp": "20240622T00:39:42", "uuid": "c08e04e6-1f7f-45c6-ad6b-bf35059aaca9", "type": "Alert", "severity": "Minor", "description": "A cluster interconnect link has been restored."}]}</ExampleContent>
      <IsSystem>0</IsSystem>
      <Encoding>UTF-8</Encoding>
      <Language>en_US</Language>
      <ParserFields>
         <ParserField>
            <FieldSeq>1</FieldSeq>
            <ParserName>ZFSTimeParser</ParserName>
            <StructuredColInfo>$.timestamp</StructuredColInfo>
         </ParserField>
         <ParserField>
            <FieldSeq>3</FieldSeq>
            <FieldName>alertname</FieldName>
            <StructuredColInfo>$.type</StructuredColInfo>
         </ParserField>
         <ParserField>
            <FieldSeq>5</FieldSeq>
            <FieldName>msg</FieldName>
            <StructuredColInfo>$.description</StructuredColInfo>
         </ParserField>
         <ParserField>
            <FieldSeq>2</FieldSeq>
            <FieldName>systemuuid</FieldName>
            <StructuredColInfo>$.uuid</StructuredColInfo>
         </ParserField>
         <ParserField>
            <FieldSeq>4</FieldSeq>
            <FieldName>udfs129</FieldName>
            <StructuredColInfo>$.severity</StructuredColInfo>
         </ParserField>
      </ParserFields>
      <WrittenOnce>0</WrittenOnce>
      <IsDefaultParser>1</IsDefaultParser>
   </Parser>
   <Parser oms_version="2.96.2.0.0" tokenize_orig_text="1" type="0">
      <Name>ZFSTimeParser</Name>
      <DisplayName>ZFSTimeParser</DisplayName>
      <Description>Time Entry parser for ZFS system log</Description>
      <ParserContent>([\d]{4})([\d]{2})([\d]{2})(\w)([\d]{2}):([\d]{2}):([\d]{2})</ParserContent>
      <IsSingleLineContent>1</IsSingleLineContent>
      <ExampleContent>20240623T23:04:30</ExampleContent>
      <IsSystem>0</IsSystem>
      <Encoding>UTF-8</Encoding>
      <Language>en_US</Language>
      <ParserFields>
         <ParserField>
            <FieldSeq>4</FieldSeq>
            <FieldName>flags</FieldName>
         </ParserField>
         <ParserField>
            <FieldSeq>3</FieldSeq>
            <FieldName>timeday</FieldName>
         </ParserField>
         <ParserField>
            <FieldSeq>5</FieldSeq>
            <FieldName>timehour24</FieldName>
         </ParserField>
         <ParserField>
            <FieldSeq>6</FieldSeq>
            <FieldName>timeminute</FieldName>
         </ParserField>
         <ParserField>
            <FieldSeq>2</FieldSeq>
            <FieldName>timemonthnum</FieldName>
         </ParserField>
         <ParserField>
            <FieldSeq>7</FieldSeq>
            <FieldName>timesecond</FieldName>
         </ParserField>
         <ParserField>
            <FieldSeq>1</FieldSeq>
            <FieldName>timeyearlong</FieldName>
         </ParserField>
      </ParserFields>
      <WrittenOnce>0</WrittenOnce>
      <IsDefaultParser>1</IsDefaultParser>
   </Parser>
   <Source configWarningSettings="0" name="ZFS_alert_log_source" oms_version="2.96.2.0.0">
      <SourceType>rest_api</SourceType>
      <TargetTypes>
         <TargetType>omc_host_linux</TargetType>
      </TargetTypes>
      <DisplayName>ZFS_alert_log_source</DisplayName>
      <Description>ZFS Alert log</Description>
      <IsSystem>0</IsSystem>
      <IsSecureContent>1</IsSecureContent>
      <Endpoints>
         <LogEndpoint>
            <Name>ZFS-Alert-Log-endpoint</Name>
            <Request>
               <Method>GET</Method>
               <Url>https://instance-zfs.subnet07260921.vcn07260921.oraclevcn.com:215/api/log/v1/logs/alert</Url>
               <Headers>
                  <Header>
                     <Name>Content-Type</Name>
                     <Value>application/json</Value>
                  </Header>
               </Headers>
            </Request>
            <Credentials>
               <CredentialType>BASIC_AUTH</CredentialType>
               <CredentialName>ZFSRESTAPICRED</CredentialName>
            </Credentials>
            <IsSystem>0</IsSystem>
            <IsEnabled>1</IsEnabled>
         </LogEndpoint>
      </Endpoints>
      <Parsers>
         <Parser>
            <ParserSeq>1</ParserSeq>
            <ParserName>ZFS_alert_log_parser</ParserName>
         </Parser>
      </Parsers>
      <IsHidden>0</IsHidden>
      <IsSMAEnabled>0</IsSMAEnabled>
   </Source>
   <FieldNameMaps>
      <FieldNameMap>
         <Name>udfs129</Name>
         <DisplayName>Alert Severity Text</DisplayName>
      </FieldNameMap>
   </FieldNameMaps>
</LoganContent>
